"0","model <- c(""svmLinear"", ""gbm"", ""svmRadial"", ""svmRadialCost"", "
"0","           ""svmRadialSigma"", ""lda"")"
"0","#################################################################"
"0","#Apply all models to train set#"
"0","set.seed(1)"
"0","fit <- lapply(model, function(model){"
"0","  print(model)"
"0","  train(Dataset ~ ., method = model, data = train)"
"0","})"
"1","[1]"
"1"," ""svmLinear"""
"1","
"
"1","[1]"
"1"," ""gbm"""
"1","
"
"1","Iter   TrainDeviance   ValidDeviance   StepSize   Improve
"
"1","     1        1.1128             nan     0.1000    0.0098
"
"1","     2        1.0912             nan     0.1000    0.0080
"
"1","     3        1.0709             nan     0.1000    0.0092
"
"1","     4        1.0513             nan     0.1000    0.0067
"
"1","     5        1.0306             nan     0.1000    0.0063
"
"1","     6        1.0168             nan     0.1000    0.0044
"
"1","     7        1.0014             nan     0.1000    0.0059
"
"1","     8        0.9902             nan     0.1000    0.0039
"
"1","     9        0.9822             nan     0.1000    0.0024
"
"1","    10        0.9692             nan     0.1000    0.0035
"
"1","    20        0.8964             nan     0.1000   -0.0024
"
"1","    40        0.8190             nan     0.1000    0.0006
"
"1","    60        0.7712             nan     0.1000   -0.0015
"
"1","    80        0.7245             nan     0.1000   -0.0013
"
"1","   100        0.7031             nan     0.1000   -0.0018
"
"1","   120        0.6827             nan     0.1000   -0.0018
"
"1","   140        0.6536             nan     0.1000   -0.0010
"
"1","   150        0.6415             nan     0.1000   -0.0010
"
"1","
"
"1","Iter   TrainDeviance   ValidDeviance   StepSize   Improve
"
"1","     1        1.1013             nan     0.1000    0.0110
"
"1","     2        1.0648             nan     0.1000    0.0148
"
"1","     3        1.0368             nan     0.1000    0.0104
"
"1","     4        1.0099             nan     0.1000    0.0118
"
"1","     5        0.9800             nan     0.1000    0.0111
"
"1","     6        0.9620             nan     0.1000    0.0073
"
"1","     7        0.9472             nan     0.1000    0.0031
"
"1","     8        0.9332             nan     0.1000    0.0033
"
"1","     9        0.9140             nan     0.1000    0.0055
"
"1","    10        0.8982             nan     0.1000    0.0042
"
"1","    20        0.7982             nan     0.1000    0.0039
"
"1","    40        0.6794             nan     0.1000   -0.0004
"
"1","    60        0.5984             nan     0.1000    0.0001
"
"1","    80        0.5360             nan     0.1000   -0.0008
"
"1","   100        0.4878             nan     0.1000   -0.0030
"
"1","   120        0.4447             nan     0.1000   -0.0027
"
"1","   140        0.4009             nan     0.1000   -0.0018
"
"1","   150        0.3779             nan     0.1000   -0.0002
"
"1","
"
"1","Iter   TrainDeviance   ValidDeviance   StepSize   Improve
"
"1","     1        1.0885             nan     0.1000    0.0215
"
"1","     2        1.0463             nan     0.1000    0.0192
"
"1","     3        1.0203             nan     0.1000    0.0106
"
"1","     4        0.9895             nan     0.1000    0.0100
"
"1","     5        0.9542             nan     0.1000    0.0150
"
"1","     6        0.9261             nan     0.1000    0.0092
"
"1","     7        0.8974             nan     0.1000    0.0076
"
"1","     8        0.8757             nan     0.1000    0.0039
"
"1","     9        0.8536             nan     0.1000    0.0079
"
"1","    10        0.8355             nan     0.1000    0.0027
"
"1","    20        0.7111             nan     0.1000   -0.0001
"
"1","    40        0.5600             nan     0.1000    0.0001
"
"1","    60        0.4665             nan     0.1000   -0.0016
"
"1","    80        0.3941             nan     0.1000   -0.0017
"
"1","   100        0.3371             nan     0.1000   -0.0014
"
"1","   120        0.2934             nan     0.1000   -0.0007
"
"1","   140        0.2564             nan     0.1000   -0.0005
"
"1","   150        0.2401             nan     0.1000   -0.0030
"
"1","
"
"1","Iter   TrainDeviance   ValidDeviance   StepSize   Improve
"
"1","     1        1.1503             nan     0.1000    0.0124
"
"1","     2        1.1205             nan     0.1000    0.0119
"
"1","     3        1.0968             nan     0.1000    0.0089
"
"1","     4        1.0771             nan     0.1000    0.0070
"
"1","     5        1.0572             nan     0.1000    0.0068
"
"1","     6        1.0382             nan     0.1000    0.0085
"
"1","     7        1.0221             nan     0.1000    0.0072
"
"1","     8        1.0115             nan     0.1000   -0.0015
"
"1","     9        0.9947             nan     0.1000    0.0034
"
"1","    10        0.9788             nan     0.1000    0.0062
"
"1","    20        0.8907             nan     0.1000    0.0045
"
"1","    40        0.7921             nan     0.1000   -0.0004
"
"1","    60        0.7508             nan     0.1000   -0.0000
"
"1","    80        0.7179             nan     0.1000   -0.0052
"
"1","   100        0.6867             nan     0.1000   -0.0007
"
"1","   120        0.6575             nan     0.1000    0.0008
"
"1","   140        0.6304             nan     0.1000   -0.0007
"
"1","   150        0.6228             nan     0.1000   -0.0005
"
"1","
"
"1","Iter   TrainDeviance   ValidDeviance   StepSize   Improve
"
"1","     1        1.1332             nan     0.1000    0.0207
"
"1","     2        1.0885             nan     0.1000    0.0204
"
"1","     3        1.0527             nan     0.1000    0.0165
"
"1","     4        1.0201             nan     0.1000    0.0099
"
"1","     5        0.9920             nan     0.1000    0.0094
"
"1","     6        0.9740             nan     0.1000    0.0061
"
"1","     7        0.9584             nan     0.1000    0.0003
"
"1","     8        0.9353             nan     0.1000    0.0074
"
"1","     9        0.9154             nan     0.1000    0.0062
"
"1","    10        0.8982             nan     0.1000    0.0067
"
"1","    20        0.7908             nan     0.1000   -0.0006
"
"1","    40        0.6702             nan     0.1000   -0.0032
"
"1","    60        0.5990             nan     0.1000   -0.0007
"
"1","    80        0.5409             nan     0.1000   -0.0018
"
"1","   100        0.4893             nan     0.1000   -0.0016
"
"1","   120        0.4477             nan     0.1000   -0.0033
"
"1","   140        0.4150             nan     0.1000   -0.0012
"
"1","   150        0.3983             nan     0.1000   -0.0012
"
"1","
"
"1","Iter   TrainDeviance   ValidDeviance   StepSize   Improve
"
"1","     1        1.1206             nan     0.1000    0.0264
"
"1","     2        1.0653             nan     0.1000    0.0233
"
"1","     3        1.0366             nan     0.1000    0.0063
"
"1","     4        1.0101             nan     0.1000    0.0055
"
"1","     5        0.9773             nan     0.1000    0.0107
"
"1","     6        0.9498             nan     0.1000    0.0097
"
"1","     7        0.9274             nan     0.1000    0.0068
"
"1","     8        0.9070             nan     0.1000    0.0066
"
"1","     9        0.8903             nan     0.1000   -0.0008
"
"1","    10        0.8740             nan     0.1000    0.0050
"
"1","    20        0.7520             nan     0.1000    0.0009
"
"1","    40        0.5923             nan     0.1000   -0.0032
"
"1","    60        0.4961             nan     0.1000   -0.0021
"
"1","    80        0.4204             nan     0.1000   -0.0019
"
"1","   100        0.3591             nan     0.1000   -0.0013
"
"1","   120        0.3098             nan     0.1000   -0.0007
"
"1","   140        0.2749             nan     0.1000   -0.0033
"
"1","   150        0.2561             nan     0.1000   -0.0013
"
"1","
"
"1","Iter   TrainDeviance   ValidDeviance   StepSize   Improve
"
"1","     1        1.2454             nan     0.1000    0.0168
"
"1","     2        1.2075             nan     0.1000    0.0148
"
"1","     3        1.1750             nan     0.1000    0.0125
"
"1","     4        1.1551             nan     0.1000    0.0044
"
"1","     5        1.1250             nan     0.1000    0.0063
"
"1","     6        1.1049             nan     0.1000    0.0102
"
"1","     7        1.0776             nan     0.1000    0.0123
"
"1","     8        1.0562             nan     0.1000    0.0081
"
"1","     9        1.0411             nan     0.1000    0.0057
"
"1","    10        1.0263             nan     0.1000    0.0062
"
"1","    20        0.9298             nan     0.1000    0.0020
"
"1","    40        0.8249             nan     0.1000   -0.0035
"
"1","    60        0.7624             nan     0.1000   -0.0012
"
"1","    80        0.7219             nan     0.1000   -0.0005
"
"1","   100        0.6847             nan     0.1000   -0.0013
"
"1","   120        0.6504             nan     0.1000   -0.0013
"
"1","   140        0.6167             nan     0.1000   -0.0008
"
"1","   150        0.6051             nan     0.1000   -0.0006
"
"1","
"
"1","Iter   TrainDeviance   ValidDeviance   StepSize   Improve
"
"1","     1        1.2153             nan     0.1000    0.0286
"
"1","     2        1.1695             nan     0.1000    0.0174
"
"1","     3        1.1318             nan     0.1000    0.0145
"
"1","     4        1.0954             nan     0.1000    0.0096
"
"1","     5        1.0626             nan     0.1000    0.0118
"
"1","     6        1.0326             nan     0.1000    0.0127
"
"1","     7        1.0089             nan     0.1000    0.0094
"
"1","     8        0.9862             nan     0.1000    0.0100
"
"1","     9        0.9652             nan     0.1000    0.0057
"
"1","    10        0.9446             nan     0.1000    0.0058
"
"1","    20        0.8077             nan     0.1000    0.0020
"
"1","    40        0.6723             nan     0.1000   -0.0014
"
"1","    60        0.5920             nan     0.1000   -0.0029
"
"1","    80        0.5278             nan     0.1000   -0.0024
"
"1","   100        0.4828             nan     0.1000   -0.0014
"
"1","   120        0.4388             nan     0.1000   -0.0019
"
"1","   140        0.4008             nan     0.1000   -0.0023
"
"1","   150        0.3833             nan     0.1000   -0.0021
"
"1","
"
"1","Iter   TrainDeviance   ValidDeviance   StepSize   Improve
"
"1","     1        1.2174             nan     0.1000    0.0315
"
"1","     2        1.1579             nan     0.1000    0.0252
"
"1","     3        1.1171             nan     0.1000    0.0142
"
"1","     4        1.0771             nan     0.1000    0.0142
"
"1","     5        1.0288             nan     0.1000    0.0226
"
"1","     6        0.9943             nan     0.1000    0.0111
"
"1","     7        0.9630             nan     0.1000    0.0125
"
"1","     8        0.9382             nan     0.1000    0.0091
"
"1","     9        0.9163             nan     0.1000    0.0037
"
"1","    10        0.8951             nan     0.1000    0.0035
"
"1","    20        0.7355             nan     0.1000    0.0038
"
"1","    40        0.5681             nan     0.1000    0.0014
"
"1","    60        0.4757             nan     0.1000   -0.0022
"
"1","    80        0.4048             nan     0.1000    0.0004
"
"1","   100        0.3512             nan     0.1000   -0.0015
"
"1","   120        0.3063             nan     0.1000   -0.0017
"
"1","   140        0.2674             nan     0.1000   -0.0008
"
"1","   150        0.2526             nan     0.1000   -0.0016
"
"1","
"
"1","Iter   TrainDeviance   ValidDeviance   StepSize   Improve
"
"1","     1        1.2276             nan     0.1000    0.0088
"
"1","     2        1.2138             nan     0.1000   -0.0002
"
"1","     3        1.1944             nan     0.1000    0.0099
"
"1","     4        1.1755             nan     0.1000    0.0026
"
"1","     5        1.1586             nan     0.1000    0.0047
"
"1","     6        1.1438             nan     0.1000    0.0031
"
"1","     7        1.1332             nan     0.1000    0.0048
"
"1","     8        1.1238             nan     0.1000    0.0022
"
"1","     9        1.1112             nan     0.1000    0.0037
"
"1","    10        1.1003             nan     0.1000    0.0026
"
"1","    20        1.0218             nan     0.1000    0.0014
"
"1","    40        0.9357             nan     0.1000    0.0002
"
"1","    60        0.8689             nan     0.1000   -0.0010
"
"1","    80        0.8200             nan     0.1000    0.0009
"
"1","   100        0.7757             nan     0.1000   -0.0007
"
"1","   120        0.7427             nan     0.1000   -0.0005
"
"1","   140        0.7072             nan     0.1000   -0.0005
"
"1","   150        0.6965             nan     0.1000   -0.0001
"
"1","
"
"1","Iter   TrainDeviance   ValidDeviance   StepSize   Improve
"
"1","     1        1.2209             nan     0.1000    0.0157
"
"1","     2        1.1939             nan     0.1000    0.0083
"
"1","     3        1.1637             nan     0.1000    0.0064
"
"1","     4        1.1444             nan     0.1000    0.0058
"
"1","     5        1.1241             nan     0.1000    0.0019
"
"1","     6        1.1089             nan     0.1000    0.0016
"
"1","     7        1.0843             nan     0.1000    0.0090
"
"1","     8        1.0669             nan     0.1000    0.0059
"
"1","     9        1.0491             nan     0.1000    0.0061
"
"1","    10        1.0357             nan     0.1000    0.0036
"
"1","    20        0.9023             nan     0.1000   -0.0017
"
"1","    40        0.7631             nan     0.1000    0.0007
"
"1","    60        0.6666             nan     0.1000   -0.0017
"
"1","    80        0.5899             nan     0.1000   -0.0005
"
"1","   100        0.5395             nan     0.1000   -0.0014
"
"1","   120        0.5035             nan     0.1000   -0.0023
"
"1","   140        0.4501             nan     0.1000   -0.0029
"
"1","   150        0.4279             nan     0.1000   -0.0012
"
"1","
"
"1","Iter   TrainDeviance   ValidDeviance   StepSize   Improve
"
"1","     1        1.2155             nan     0.1000    0.0160
"
"1","     2        1.1777             nan     0.1000    0.0065
"
"1","     3        1.1430             nan     0.1000    0.0146
"
"1","     4        1.1107             nan     0.1000    0.0104
"
"1","     5        1.0857             nan     0.1000    0.0053
"
"1","     6        1.0524             nan     0.1000    0.0081
"
"1","     7        1.0322             nan     0.1000    0.0036
"
"1","     8        1.0169             nan     0.1000    0.0011
"
"1","     9        0.9990             nan     0.1000    0.0053
"
"1","    10        0.9825             nan     0.1000   -0.0000
"
"1","    20        0.8374             nan     0.1000    0.0041
"
"1","    40        0.6173             nan     0.1000   -0.0024
"
"1","    60        0.5092             nan     0.1000   -0.0018
"
"1","    80        0.4322             nan     0.1000   -0.0017
"
"1","   100        0.3727             nan     0.1000   -0.0003
"
"1","   120        0.3213             nan     0.1000   -0.0012
"
"1","   140        0.2776             nan     0.1000   -0.0000
"
"1","   150        0.2573             nan     0.1000   -0.0004
"
"1","
"
"1","Iter   TrainDeviance   ValidDeviance   StepSize   Improve
"
"1","     1        1.1087             nan     0.1000    0.0160
"
"1","     2        1.0835             nan     0.1000    0.0102
"
"1","     3        1.0571             nan     0.1000    0.0119
"
"1","     4        1.0399             nan     0.1000    0.0076
"
"1","     5        1.0237             nan     0.1000    0.0051
"
"1","     6        1.0144             nan     0.1000   -0.0003
"
"1","     7        0.9969             nan     0.1000    0.0087
"
"1","     8        0.9840             nan     0.1000    0.0068
"
"1","     9        0.9707             nan     0.1000    0.0033
"
"1","    10        0.9582             nan     0.1000    0.0054
"
"1","    20        0.8738             nan     0.1000   -0.0001
"
"1","    40        0.8012             nan     0.1000    0.0021
"
"1","    60        0.7505             nan     0.1000   -0.0011
"
"1","    80        0.7166             nan     0.1000    0.0001
"
"1","   100        0.6775             nan     0.1000   -0.0015
"
"1","   120        0.6484             nan     0.1000   -0.0016
"
"1","   140        0.6269             nan     0.1000   -0.0007
"
"1","   150        0.6154             nan     0.1000   -0.0011
"
"1","
"
"1","Iter   TrainDeviance   ValidDeviance   StepSize   Improve
"
"1","     1        1.1122             nan     0.1000    0.0177
"
"1","     2        1.0712             nan     0.1000    0.0186
"
"1","     3        1.0295             nan     0.1000    0.0161
"
"1","     4        1.0054             nan     0.1000    0.0109
"
"1","     5        0.9825             nan     0.1000    0.0094
"
"1","     6        0.9605             nan     0.1000    0.0079
"
"1","     7        0.9416             nan     0.1000    0.0037
"
"1","     8        0.9272             nan     0.1000    0.0042
"
"1","     9        0.9115             nan     0.1000    0.0048
"
"1","    10        0.8958             nan     0.1000    0.0043
"
"1","    20        0.7712             nan     0.1000    0.0018
"
"1","    40        0.6692             nan     0.1000   -0.0014
"
"1","    60        0.5727             nan     0.1000   -0.0020
"
"1","    80        0.5198             nan     0.1000   -0.0028
"
"1","   100        0.4700             nan     0.1000   -0.0019
"
"1","   120        0.4315             nan     0.1000   -0.0006
"
"1","   140        0.3971             nan     0.1000   -0.0030
"
"1","   150        0.3796             nan     0.1000   -0.0018
"
"1","
"
"1","Iter   TrainDeviance   ValidDeviance   StepSize   Improve
"
"1","     1        1.1014             nan     0.1000    0.0192
"
"1","     2        1.0565             nan     0.1000    0.0226
"
"1","     3        1.0164             nan     0.1000    0.0191
"
"1","     4        0.9852             nan     0.1000    0.0126
"
"1","     5        0.9596             nan     0.1000    0.0088
"
"1","     6        0.9342             nan     0.1000    0.0047
"
"1","     7        0.9182             nan     0.1000    0.0026
"
"1","     8        0.8925             nan     0.1000    0.0097
"
"1","     9        0.8732             nan     0.1000    0.0078
"
"1","    10        0.8552             nan     0.1000    0.0042
"
"1","    20        0.7228             nan     0.1000   -0.0019
"
"1","    40        0.5653             nan     0.1000   -0.0034
"
"1","    60        0.4724             nan     0.1000   -0.0022
"
"1","    80        0.4090             nan     0.1000   -0.0019
"
"1","   100        0.3489             nan     0.1000   -0.0025
"
"1","   120        0.2927             nan     0.1000   -0.0005
"
"1","   140        0.2567             nan     0.1000   -0.0011
"
"1","   150        0.2392             nan     0.1000   -0.0013
"
"1","
"
"1","Iter   TrainDeviance   ValidDeviance   StepSize   Improve
"
"1","     1        1.1827             nan     0.1000    0.0080
"
"1","     2        1.1591             nan     0.1000    0.0093
"
"1","     3        1.1408             nan     0.1000    0.0074
"
"1","     4        1.1257             nan     0.1000    0.0052
"
"1","     5        1.1122             nan     0.1000    0.0043
"
"1","     6        1.0952             nan     0.1000    0.0067
"
"1","     7        1.0828             nan     0.1000    0.0027
"
"1","     8        1.0662             nan     0.1000    0.0047
"
"1","     9        1.0546             nan     0.1000    0.0047
"
"1","    10        1.0457             nan     0.1000    0.0018
"
"1","    20        0.9610             nan     0.1000   -0.0002
"
"1","    40        0.8931             nan     0.1000   -0.0005
"
"1","    60        0.8498             nan     0.1000   -0.0015
"
"1","    80        0.8082             nan     0.1000   -0.0007
"
"1","   100        0.7711             nan     0.1000   -0.0006
"
"1","   120        0.7476             nan     0.1000   -0.0018
"
"1","   140        0.7158             nan     0.1000   -0.0011
"
"1","   150        0.7023             nan     0.1000   -0.0007
"
"1","
"
"1","Iter   TrainDeviance   ValidDeviance   StepSize   Improve
"
"1","     1        1.1619             nan     0.1000    0.0197
"
"1","     2        1.1238             nan     0.1000    0.0093
"
"1","     3        1.0964             nan     0.1000    0.0085
"
"1","     4        1.0778             nan     0.1000    0.0037
"
"1","     5        1.0516             nan     0.1000    0.0095
"
"1","     6        1.0281             nan     0.1000    0.0073
"
"1","     7        1.0123             nan     0.1000    0.0037
"
"1","     8        0.9971             nan     0.1000    0.0015
"
"1","     9        0.9734             nan     0.1000    0.0063
"
"1","    10        0.9592             nan     0.1000    0.0044
"
"1","    20        0.8637             nan     0.1000    0.0026
"
"1","    40        0.7515             nan     0.1000   -0.0023
"
"1","    60        0.6711             nan     0.1000   -0.0017
"
"1","    80        0.6100             nan     0.1000    0.0000
"
"1","   100        0.5578             nan     0.1000   -0.0004
"
"1","   120        0.5116             nan     0.1000   -0.0011
"
"1","   140        0.4672             nan     0.1000   -0.0005
"
"1","   150        0.4464             nan     0.1000   -0.0009
"
"1","
"
"1","Iter   TrainDeviance   ValidDeviance   StepSize   Improve
"
"1","     1        1.1545             nan     0.1000    0.0173
"
"1","     2        1.1042             nan     0.1000    0.0207
"
"1","     3        1.0756             nan     0.1000    0.0083
"
"1","     4        1.0424             nan     0.1000    0.0107
"
"1","     5        1.0259             nan     0.1000    0.0040
"
"1","     6        1.0065             nan     0.1000    0.0010
"
"1","     7        0.9854             nan     0.1000    0.0048
"
"1","     8        0.9709             nan     0.1000    0.0022
"
"1","     9        0.9490             nan     0.1000    0.0092
"
"1","    10        0.9288             nan     0.1000    0.0057
"
"1","    20        0.8007             nan     0.1000   -0.0008
"
"1","    40        0.6372             nan     0.1000   -0.0024
"
"1","    60        0.5332             nan     0.1000   -0.0007
"
"1","    80        0.4691             nan     0.1000   -0.0032
"
"1","   100        0.4042             nan     0.1000   -0.0006
"
"1","   120        0.3477             nan     0.1000   -0.0012
"
"1","   140        0.3128             nan     0.1000   -0.0010
"
"1","   150        0.2938             nan     0.1000   -0.0012
"
"1","
"
"1","Iter   TrainDeviance   ValidDeviance   StepSize   Improve
"
"1","     1        1.1352             nan     0.1000    0.0122
"
"1","     2        1.1115             nan     0.1000    0.0111
"
"1","     3        1.0882             nan     0.1000    0.0111
"
"1","     4        1.0745             nan     0.1000    0.0062
"
"1","     5        1.0545             nan     0.1000    0.0058
"
"1","     6        1.0432             nan     0.1000    0.0025
"
"1","     7        1.0271             nan     0.1000    0.0038
"
"1","     8        1.0160             nan     0.1000    0.0019
"
"1","     9        1.0071             nan     0.1000    0.0023
"
"1","    10        1.0009             nan     0.1000    0.0007
"
"1","    20        0.9317             nan     0.1000   -0.0004
"
"1","    40        0.8475             nan     0.1000    0.0001
"
"1","    60        0.8022             nan     0.1000   -0.0009
"
"1","    80        0.7677             nan     0.1000   -0.0030
"
"1","   100        0.7329             nan     0.1000    0.0003
"
"1","   120        0.6974             nan     0.1000   -0.0003
"
"1","   140        0.6688             nan     0.1000   -0.0020
"
"1","   150        0.6569             nan     0.1000   -0.0005
"
"1","
"
"1","Iter   TrainDeviance   ValidDeviance   StepSize   Improve
"
"1","     1        1.1254             nan     0.1000    0.0131
"
"1","     2        1.0946             nan     0.1000    0.0103
"
"1","     3        1.0655             nan     0.1000    0.0133
"
"1","     4        1.0368             nan     0.1000    0.0139
"
"1","     5        1.0160             nan     0.1000    0.0042
"
"1","     6        0.9972             nan     0.1000    0.0038
"
"1","     7        0.9784             nan     0.1000    0.0062
"
"1","     8        0.9580             nan     0.1000    0.0066
"
"1","     9        0.9428             nan     0.1000    0.0011
"
"1","    10        0.9279             nan     0.1000    0.0004
"
"1","    20        0.8284             nan     0.1000   -0.0004
"
"1","    40        0.7125             nan     0.1000   -0.0034
"
"1","    60        0.6135             nan     0.1000   -0.0004
"
"1","    80        0.5431             nan     0.1000    0.0018
"
"1","   100        0.4753             nan     0.1000   -0.0003
"
"1","   120        0.4270             nan     0.1000   -0.0001
"
"1","   140        0.3864             nan     0.1000    0.0001
"
"1","   150        0.3733             nan     0.1000   -0.0028
"
"1","
"
"1","Iter   TrainDeviance   ValidDeviance   StepSize   Improve
"
"1","     1        1.1199             nan     0.1000    0.0157
"
"1","     2        1.0773             nan     0.1000    0.0176
"
"1","     3        1.0323             nan     0.1000    0.0115
"
"1","     4        1.0018             nan     0.1000    0.0110
"
"1","     5        0.9722             nan     0.1000    0.0077
"
"1","     6        0.9500             nan     0.1000    0.0068
"
"1","     7        0.9251             nan     0.1000    0.0061
"
"1","     8        0.9068             nan     0.1000    0.0035
"
"1","     9        0.8846             nan     0.1000    0.0026
"
"1","    10        0.8691             nan     0.1000    0.0025
"
"1","    20        0.7427             nan     0.1000   -0.0008
"
"1","    40        0.5881             nan     0.1000   -0.0010
"
"1","    60        0.4915             nan     0.1000    0.0017
"
"1","    80        0.4230             nan     0.1000   -0.0013
"
"1","   100        0.3692             nan     0.1000   -0.0000
"
"1","   120        0.3187             nan     0.1000   -0.0005
"
"1","   140        0.2780             nan     0.1000   -0.0007
"
"1","   150        0.2607             nan     0.1000   -0.0011
"
"1","
"
"1","Iter   TrainDeviance   ValidDeviance   StepSize   Improve
"
"1","     1        1.1495             nan     0.1000    0.0109
"
"1","     2        1.1309             nan     0.1000    0.0073
"
"1","     3        1.1059             nan     0.1000    0.0100
"
"1","     4        1.0866             nan     0.1000    0.0061
"
"1","     5        1.0723             nan     0.1000    0.0051
"
"1","     6        1.0600             nan     0.1000    0.0019
"
"1","     7        1.0492             nan     0.1000    0.0021
"
"1","     8        1.0365             nan     0.1000    0.0041
"
"1","     9        1.0214             nan     0.1000    0.0045
"
"1","    10        1.0031             nan     0.1000    0.0010
"
"1","    20        0.9165             nan     0.1000   -0.0004
"
"1","    40        0.8169             nan     0.1000   -0.0023
"
"1","    60        0.7620             nan     0.1000   -0.0012
"
"1","    80        0.7200             nan     0.1000   -0.0005
"
"1","   100        0.6879             nan     0.1000   -0.0016
"
"1","   120        0.6593             nan     0.1000   -0.0004
"
"1","   140        0.6354             nan     0.1000   -0.0008
"
"1","   150        0.6217             nan     0.1000   -0.0003
"
"1","
"
"1","Iter   TrainDeviance   ValidDeviance   StepSize   Improve
"
"1","     1        1.1425             nan     0.1000    0.0141
"
"1","     2        1.1162             nan     0.1000    0.0059
"
"1","     3        1.0851             nan     0.1000    0.0114
"
"1","     4        1.0509             nan     0.1000    0.0118
"
"1","     5        1.0226             nan     0.1000    0.0107
"
"1","     6        1.0011             nan     0.1000    0.0090
"
"1","     7        0.9785             nan     0.1000    0.0064
"
"1","     8        0.9600             nan     0.1000    0.0057
"
"1","     9        0.9435             nan     0.1000    0.0038
"
"1","    10        0.9289             nan     0.1000    0.0028
"
"1","    20        0.8059             nan     0.1000    0.0032
"
"1","    40        0.6693             nan     0.1000   -0.0025
"
"1","    60        0.5724             nan     0.1000    0.0005
"
"1","    80        0.5075             nan     0.1000    0.0004
"
"1","   100        0.4409             nan     0.1000   -0.0006
"
"1","   120        0.3947             nan     0.1000   -0.0003
"
"1","   140        0.3502             nan     0.1000   -0.0012
"
"1","   150        0.3343             nan     0.1000   -0.0007
"
"1","
"
"1","Iter   TrainDeviance   ValidDeviance   StepSize   Improve
"
"1","     1        1.1302             nan     0.1000    0.0191
"
"1","     2        1.0948             nan     0.1000    0.0160
"
"1","     3        1.0606             nan     0.1000    0.0129
"
"1","     4        1.0312             nan     0.1000    0.0070
"
"1","     5        0.9997             nan     0.1000    0.0098
"
"1","     6        0.9741             nan     0.1000    0.0082
"
"1","     7        0.9476             nan     0.1000    0.0104
"
"1","     8        0.9239             nan     0.1000    0.0073
"
"1","     9        0.9080             nan     0.1000    0.0040
"
"1","    10        0.8916             nan     0.1000    0.0039
"
"1","    20        0.7588             nan     0.1000   -0.0033
"
"1","    40        0.6056             nan     0.1000   -0.0033
"
"1","    60        0.4685             nan     0.1000   -0.0008
"
"1","    80        0.3738             nan     0.1000   -0.0009
"
"1","   100        0.3007             nan     0.1000   -0.0007
"
"1","   120        0.2516             nan     0.1000   -0.0018
"
"1","   140        0.2133             nan     0.1000   -0.0005
"
"1","   150        0.1992             nan     0.1000   -0.0011
"
"1","
"
"1","Iter   TrainDeviance   ValidDeviance   StepSize   Improve
"
"1","     1        1.1714             nan     0.1000    0.0139
"
"1","     2        1.1482             nan     0.1000    0.0104
"
"1","     3        1.1250             nan     0.1000    0.0097
"
"1","     4        1.1064             nan     0.1000    0.0093
"
"1","     5        1.0932             nan     0.1000    0.0008
"
"1","     6        1.0766             nan     0.1000    0.0067
"
"1","     7        1.0610             nan     0.1000    0.0056
"
"1","     8        1.0539             nan     0.1000    0.0004
"
"1","     9        1.0444             nan     0.1000    0.0030
"
"1","    10        1.0342             nan     0.1000    0.0047
"
"1","    20        0.9589             nan     0.1000   -0.0013
"
"1","    40        0.8629             nan     0.1000   -0.0001
"
"1","    60        0.8112             nan     0.1000   -0.0038
"
"1","    80        0.7756             nan     0.1000   -0.0003
"
"1","   100        0.7461             nan     0.1000   -0.0011
"
"1","   120        0.7219             nan     0.1000   -0.0026
"
"1","   140        0.7010             nan     0.1000   -0.0005
"
"1","   150        0.6899             nan     0.1000   -0.0022
"
"1","
"
"1","Iter   TrainDeviance   ValidDeviance   StepSize   Improve
"
"1","     1        1.1723             nan     0.1000    0.0146
"
"1","     2        1.1266             nan     0.1000    0.0207
"
"1","     3        1.0810             nan     0.1000    0.0165
"
"1","     4        1.0619             nan     0.1000    0.0070
"
"1","     5        1.0413             nan     0.1000    0.0069
"
"1","     6        1.0140             nan     0.1000    0.0105
"
"1","     7        0.9992             nan     0.1000   -0.0009
"
"1","     8        0.9836             nan     0.1000    0.0042
"
"1","     9        0.9678             nan     0.1000    0.0022
"
"1","    10        0.9512             nan     0.1000    0.0036
"
"1","    20        0.8412             nan     0.1000   -0.0001
"
"1","    40        0.7371             nan     0.1000   -0.0018
"
"1","    60        0.6525             nan     0.1000   -0.0023
"
"1","    80        0.5858             nan     0.1000    0.0007
"
"1","   100        0.5309             nan     0.1000   -0.0007
"
"1","   120        0.4866             nan     0.1000   -0.0012
"
"1","   140        0.4424             nan     0.1000   -0.0029
"
"1","   150        0.4216             nan     0.1000   -0.0010
"
"1","
"
"1","Iter   TrainDeviance   ValidDeviance   StepSize   Improve
"
"1","     1        1.1518             nan     0.1000    0.0210
"
"1","     2        1.1047             nan     0.1000    0.0131
"
"1","     3        1.0531             nan     0.1000    0.0229
"
"1","     4        1.0209             nan     0.1000    0.0102
"
"1","     5        0.9870             nan     0.1000    0.0091
"
"1","     6        0.9640             nan     0.1000    0.0078
"
"1","     7        0.9414             nan     0.1000    0.0068
"
"1","     8        0.9270             nan     0.1000    0.0002
"
"1","     9        0.9046             nan     0.1000    0.0080
"
"1","    10        0.8895             nan     0.1000    0.0050
"
"1","    20        0.7739             nan     0.1000    0.0003
"
"1","    40        0.6214             nan     0.1000   -0.0024
"
"1","    60        0.5151             nan     0.1000    0.0005
"
"1","    80        0.4369             nan     0.1000   -0.0040
"
"1","   100        0.3757             nan     0.1000   -0.0018
"
"1","   120        0.3271             nan     0.1000   -0.0009
"
"1","   140        0.2802             nan     0.1000   -0.0008
"
"1","   150        0.2604             nan     0.1000   -0.0011
"
"1","
"
"1","Iter   TrainDeviance   ValidDeviance   StepSize   Improve
"
"1","     1        1.1605             nan     0.1000    0.0134
"
"1","     2        1.1322             nan     0.1000    0.0065
"
"1","     3        1.1135             nan     0.1000    0.0066
"
"1","     4        1.0990             nan     0.1000    0.0021
"
"1","     5        1.0767             nan     0.1000    0.0085
"
"1","     6        1.0585             nan     0.1000    0.0095
"
"1","     7        1.0368             nan     0.1000    0.0053
"
"1","     8        1.0207             nan     0.1000    0.0033
"
"1","     9        1.0093             nan     0.1000    0.0054
"
"1","    10        0.9953             nan     0.1000    0.0046
"
"1","    20        0.9029             nan     0.1000    0.0022
"
"1","    40        0.8305             nan     0.1000   -0.0007
"
"1","    60        0.7853             nan     0.1000    0.0009
"
"1","    80        0.7465             nan     0.1000    0.0005
"
"1","   100        0.7080             nan     0.1000    0.0007
"
"1","   120        0.6779             nan     0.1000   -0.0002
"
"1","   140        0.6451             nan     0.1000    0.0000
"
"1","   150        0.6312             nan     0.1000   -0.0005
"
"1","
"
"1","Iter   TrainDeviance   ValidDeviance   StepSize   Improve
"
"1","     1        1.1388             nan     0.1000    0.0272
"
"1","     2        1.1097             nan     0.1000    0.0075
"
"1","     3        1.0786             nan     0.1000    0.0113
"
"1","     4        1.0513             nan     0.1000    0.0103
"
"1","     5        1.0197             nan     0.1000    0.0075
"
"1","     6        1.0014             nan     0.1000    0.0052
"
"1","     7        0.9764             nan     0.1000    0.0057
"
"1","     8        0.9530             nan     0.1000    0.0084
"
"1","     9        0.9309             nan     0.1000    0.0060
"
"1","    10        0.9159             nan     0.1000    0.0030
"
"1","    20        0.8029             nan     0.1000   -0.0012
"
"1","    40        0.6609             nan     0.1000    0.0011
"
"1","    60        0.5718             nan     0.1000   -0.0005
"
"1","    80        0.5043             nan     0.1000   -0.0010
"
"1","   100        0.4500             nan     0.1000    0.0004
"
"1","   120        0.4053             nan     0.1000    0.0002
"
"1","   140        0.3687             nan     0.1000   -0.0011
"
"1","   150        0.3513             nan     0.1000   -0.0032
"
"1","
"
"1","Iter   TrainDeviance   ValidDeviance   StepSize   Improve
"
"1","     1        1.1129             nan     0.1000    0.0248
"
"1","     2        1.0680             nan     0.1000    0.0134
"
"1","     3        1.0224             nan     0.1000    0.0166
"
"1","     4        0.9898             nan     0.1000    0.0125
"
"1","     5        0.9582             nan     0.1000    0.0109
"
"1","     6        0.9361             nan     0.1000    0.0094
"
"1","     7        0.9157             nan     0.1000    0.0046
"
"1","     8        0.8997             nan     0.1000   -0.0000
"
"1","     9        0.8763             nan     0.1000    0.0068
"
"1","    10        0.8529             nan     0.1000    0.0090
"
"1","    20        0.7101             nan     0.1000    0.0025
"
"1","    40        0.5232             nan     0.1000   -0.0003
"
"1","    60        0.4208             nan     0.1000   -0.0006
"
"1","    80        0.3500             nan     0.1000   -0.0012
"
"1","   100        0.3053             nan     0.1000   -0.0024
"
"1","   120        0.2617             nan     0.1000   -0.0017
"
"1","   140        0.2289             nan     0.1000   -0.0002
"
"1","   150        0.2113             nan     0.1000   -0.0001
"
"1","
"
"1","Iter   TrainDeviance   ValidDeviance   StepSize   Improve
"
"1","     1        1.1316             nan     0.1000    0.0160
"
"1","     2        1.0975             nan     0.1000    0.0113
"
"1","     3        1.0764             nan     0.1000    0.0093
"
"1","     4        1.0554             nan     0.1000    0.0085
"
"1","     5        1.0362             nan     0.1000    0.0070
"
"1","     6        1.0213             nan     0.1000    0.0044
"
"1","     7        1.0075             nan     0.1000    0.0048
"
"1","     8        0.9934             nan     0.1000    0.0041
"
"1","     9        0.9820             nan     0.1000    0.0053
"
"1","    10        0.9706             nan     0.1000    0.0038
"
"1","    20        0.8938             nan     0.1000   -0.0003
"
"1","    40        0.8224             nan     0.1000    0.0007
"
"1","    60        0.7785             nan     0.1000   -0.0021
"
"1","    80        0.7397             nan     0.1000   -0.0014
"
"1","   100        0.7124             nan     0.1000   -0.0033
"
"1","   120        0.6813             nan     0.1000   -0.0006
"
"1","   140        0.6566             nan     0.1000   -0.0015
"
"1","   150        0.6476             nan     0.1000   -0.0016
"
"1","
"
"1","Iter   TrainDeviance   ValidDeviance   StepSize   Improve
"
"1","     1        1.1211             nan     0.1000    0.0163
"
"1","     2        1.0823             nan     0.1000    0.0185
"
"1","     3        1.0454             nan     0.1000    0.0153
"
"1","     4        1.0139             nan     0.1000    0.0152
"
"1","     5        0.9838             nan     0.1000    0.0090
"
"1","     6        0.9666             nan     0.1000    0.0036
"
"1","     7        0.9557             nan     0.1000   -0.0014
"
"1","     8        0.9342             nan     0.1000    0.0072
"
"1","     9        0.9151             nan     0.1000    0.0040
"
"1","    10        0.9022             nan     0.1000    0.0029
"
"1","    20        0.8023             nan     0.1000   -0.0005
"
"1","    40        0.6666             nan     0.1000   -0.0016
"
"1","    60        0.5928             nan     0.1000   -0.0001
"
"1","    80        0.5277             nan     0.1000   -0.0014
"
"1","   100        0.4741             nan     0.1000   -0.0021
"
"1","   120        0.4316             nan     0.1000   -0.0014
"
"1","   140        0.4008             nan     0.1000   -0.0010
"
"1","   150        0.3834             nan     0.1000   -0.0003
"
"1","
"
"1","Iter   TrainDeviance   ValidDeviance   StepSize   Improve
"
"1","     1        1.1072             nan     0.1000    0.0214
"
"1","     2        1.0551             nan     0.1000    0.0196
"
"1","     3        1.0231             nan     0.1000    0.0109
"
"1","     4        0.9868             nan     0.1000    0.0105
"
"1","     5        0.9621             nan     0.1000    0.0050
"
"1","     6        0.9310             nan     0.1000    0.0089
"
"1","     7        0.9070             nan     0.1000    0.0058
"
"1","     8        0.8883             nan     0.1000    0.0025
"
"1","     9        0.8666             nan     0.1000    0.0052
"
"1","    10        0.8511             nan     0.1000    0.0041
"
"1","    20        0.7398             nan     0.1000   -0.0016
"
"1","    40        0.5887             nan     0.1000   -0.0045
"
"1","    60        0.4851             nan     0.1000   -0.0012
"
"1","    80        0.4037             nan     0.1000   -0.0003
"
"1","   100        0.3449             nan     0.1000   -0.0000
"
"1","   120        0.3014             nan     0.1000   -0.0016
"
"1","   140        0.2504             nan     0.1000   -0.0011
"
"1","   150        0.2310             nan     0.1000   -0.0012
"
"1","
"
"1","Iter   TrainDeviance   ValidDeviance   StepSize   Improve
"
"1","     1        1.1258             nan     0.1000    0.0136
"
"1","     2        1.1107             nan     0.1000    0.0048
"
"1","     3        1.0987             nan     0.1000    0.0048
"
"1","     4        1.0751             nan     0.1000    0.0103
"
"1","     5        1.0593             nan     0.1000    0.0051
"
"1","     6        1.0458             nan     0.1000    0.0056
"
"1","     7        1.0310             nan     0.1000    0.0053
"
"1","     8        1.0184             nan     0.1000    0.0055
"
"1","     9        1.0057             nan     0.1000    0.0043
"
"1","    10        0.9955             nan     0.1000    0.0034
"
"1","    20        0.9259             nan     0.1000   -0.0028
"
"1","    40        0.8580             nan     0.1000    0.0020
"
"1","    60        0.8120             nan     0.1000   -0.0009
"
"1","    80        0.7708             nan     0.1000   -0.0028
"
"1","   100        0.7422             nan     0.1000   -0.0035
"
"1","   120        0.7085             nan     0.1000   -0.0016
"
"1","   140        0.6863             nan     0.1000   -0.0024
"
"1","   150        0.6745             nan     0.1000   -0.0023
"
"1","
"
"1","Iter   TrainDeviance   ValidDeviance   StepSize   Improve
"
"1","     1        1.1128             nan     0.1000    0.0088
"
"1","     2        1.0908             nan     0.1000    0.0041
"
"1","     3        1.0527             nan     0.1000    0.0152
"
"1","     4        1.0297             nan     0.1000    0.0083
"
"1","     5        0.9989             nan     0.1000    0.0113
"
"1","     6        0.9733             nan     0.1000    0.0126
"
"1","     7        0.9418             nan     0.1000    0.0092
"
"1","     8        0.9336             nan     0.1000   -0.0029
"
"1","     9        0.9225             nan     0.1000    0.0006
"
"1","    10        0.9076             nan     0.1000    0.0050
"
"1","    20        0.8077             nan     0.1000    0.0043
"
"1","    40        0.6851             nan     0.1000   -0.0004
"
"1","    60        0.6070             nan     0.1000    0.0010
"
"1","    80        0.5341             nan     0.1000    0.0007
"
"1","   100        0.4698             nan     0.1000   -0.0008
"
"1","   120        0.4208             nan     0.1000   -0.0001
"
"1","   140        0.3854             nan     0.1000   -0.0014
"
"1","   150        0.3690             nan     0.1000    0.0003
"
"1","
"
"1","Iter   TrainDeviance   ValidDeviance   StepSize   Improve
"
"1","     1        1.1107             nan     0.1000    0.0112
"
"1","     2        1.0773             nan     0.1000    0.0063
"
"1","     3        1.0396             nan     0.1000    0.0108
"
"1","     4        0.9994             nan     0.1000    0.0208
"
"1","     5        0.9635             nan     0.1000    0.0126
"
"1","     6        0.9325             nan     0.1000    0.0127
"
"1","     7        0.9120             nan     0.1000    0.0079
"
"1","     8        0.8952             nan     0.1000    0.0042
"
"1","     9        0.8844             nan     0.1000   -0.0002
"
"1","    10        0.8626             nan     0.1000    0.0050
"
"1","    20        0.7300             nan     0.1000    0.0000
"
"1","    40        0.5804             nan     0.1000   -0.0046
"
"1","    60        0.4669             nan     0.1000   -0.0009
"
"1","    80        0.3850             nan     0.1000   -0.0003
"
"1","   100        0.3323             nan     0.1000    0.0003
"
"1","   120        0.2862             nan     0.1000   -0.0002
"
"1","   140        0.2435             nan     0.1000   -0.0006
"
"1","   150        0.2257             nan     0.1000   -0.0007
"
"1","
"
"1","Iter   TrainDeviance   ValidDeviance   StepSize   Improve
"
"1","     1        1.1732             nan     0.1000    0.0103
"
"1","     2        1.1511             nan     0.1000    0.0074
"
"1","     3        1.1327             nan     0.1000    0.0072
"
"1","     4        1.1198             nan     0.1000    0.0021
"
"1","     5        1.0966             nan     0.1000    0.0055
"
"1","     6        1.0812             nan     0.1000    0.0046
"
"1","     7        1.0652             nan     0.1000    0.0060
"
"1","     8        1.0528             nan     0.1000    0.0041
"
"1","     9        1.0432             nan     0.1000   -0.0018
"
"1","    10        1.0331             nan     0.1000    0.0030
"
"1","    20        0.9566             nan     0.1000   -0.0011
"
"1","    40        0.8764             nan     0.1000   -0.0010
"
"1","    60        0.8222             nan     0.1000   -0.0016
"
"1","    80        0.7841             nan     0.1000   -0.0004
"
"1","   100        0.7423             nan     0.1000   -0.0008
"
"1","   120        0.7107             nan     0.1000   -0.0029
"
"1","   140        0.6837             nan     0.1000   -0.0022
"
"1","   150        0.6695             nan     0.1000   -0.0016
"
"1","
"
"1","Iter   TrainDeviance   ValidDeviance   StepSize   Improve
"
"1","     1        1.1621             nan     0.1000    0.0144
"
"1","     2        1.1287             nan     0.1000    0.0122
"
"1","     3        1.1009             nan     0.1000    0.0098
"
"1","     4        1.0763             nan     0.1000    0.0045
"
"1","     5        1.0622             nan     0.1000    0.0005
"
"1","     6        1.0413             nan     0.1000    0.0054
"
"1","     7        1.0191             nan     0.1000    0.0040
"
"1","     8        1.0116             nan     0.1000   -0.0016
"
"1","     9        0.9922             nan     0.1000    0.0067
"
"1","    10        0.9784             nan     0.1000    0.0031
"
"1","    20        0.8610             nan     0.1000    0.0003
"
"1","    40        0.7294             nan     0.1000   -0.0014
"
"1","    60        0.6305             nan     0.1000    0.0006
"
"1","    80        0.5570             nan     0.1000   -0.0023
"
"1","   100        0.5038             nan     0.1000   -0.0007
"
"1","   120        0.4621             nan     0.1000   -0.0015
"
"1","   140        0.4174             nan     0.1000   -0.0011
"
"1","   150        0.4017             nan     0.1000   -0.0019
"
"1","
"
"1","Iter   TrainDeviance   ValidDeviance   StepSize   Improve
"
"1","     1        1.1467             nan     0.1000    0.0218
"
"1","     2        1.1118             nan     0.1000    0.0128
"
"1","     3        1.0813             nan     0.1000    0.0128
"
"1","     4        1.0600             nan     0.1000    0.0049
"
"1","     5        1.0314             nan     0.1000    0.0075
"
"1","     6        1.0133             nan     0.1000    0.0032
"
"1","     7        0.9872             nan     0.1000    0.0080
"
"1","     8        0.9663             nan     0.1000    0.0063
"
"1","     9        0.9444             nan     0.1000    0.0034
"
"1","    10        0.9239             nan     0.1000    0.0034
"
"1","    20        0.7893             nan     0.1000   -0.0024
"
"1","    40        0.6383             nan     0.1000   -0.0020
"
"1","    60        0.5292             nan     0.1000    0.0007
"
"1","    80        0.4382             nan     0.1000    0.0010
"
"1","   100        0.3702             nan     0.1000   -0.0018
"
"1","   120        0.3278             nan     0.1000   -0.0017
"
"1","   140        0.2889             nan     0.1000   -0.0008
"
"1","   150        0.2691             nan     0.1000   -0.0017
"
"1","
"
"1","Iter   TrainDeviance   ValidDeviance   StepSize   Improve
"
"1","     1        1.1111             nan     0.1000    0.0075
"
"1","     2        1.0971             nan     0.1000    0.0044
"
"1","     3        1.0798             nan     0.1000    0.0056
"
"1","     4        1.0699             nan     0.1000    0.0010
"
"1","     5        1.0572             nan     0.1000    0.0028
"
"1","     6        1.0459             nan     0.1000    0.0041
"
"1","     7        1.0316             nan     0.1000    0.0040
"
"1","     8        1.0221             nan     0.1000    0.0030
"
"1","     9        1.0078             nan     0.1000    0.0054
"
"1","    10        0.9986             nan     0.1000    0.0037
"
"1","    20        0.9303             nan     0.1000    0.0017
"
"1","    40        0.8610             nan     0.1000   -0.0008
"
"1","    60        0.8176             nan     0.1000    0.0007
"
"1","    80        0.7855             nan     0.1000   -0.0002
"
"1","   100        0.7605             nan     0.1000   -0.0024
"
"1","   120        0.7331             nan     0.1000   -0.0028
"
"1","   140        0.7107             nan     0.1000   -0.0013
"
"1","   150        0.6982             nan     0.1000   -0.0020
"
"1","
"
"1","Iter   TrainDeviance   ValidDeviance   StepSize   Improve
"
"1","     1        1.0959             nan     0.1000    0.0142
"
"1","     2        1.0673             nan     0.1000    0.0108
"
"1","     3        1.0400             nan     0.1000    0.0083
"
"1","     4        1.0203             nan     0.1000   -0.0002
"
"1","     5        1.0034             nan     0.1000    0.0044
"
"1","     6        0.9897             nan     0.1000    0.0018
"
"1","     7        0.9751             nan     0.1000   -0.0014
"
"1","     8        0.9560             nan     0.1000    0.0068
"
"1","     9        0.9432             nan     0.1000    0.0038
"
"1","    10        0.9316             nan     0.1000    0.0004
"
"1","    20        0.8278             nan     0.1000   -0.0022
"
"1","    40        0.7207             nan     0.1000   -0.0011
"
"1","    60        0.6514             nan     0.1000   -0.0045
"
"1","    80        0.5894             nan     0.1000   -0.0018
"
"1","   100        0.5430             nan     0.1000   -0.0010
"
"1","   120        0.4901             nan     0.1000   -0.0024
"
"1","   140        0.4651             nan     0.1000   -0.0012
"
"1","   150        0.4475             nan     0.1000   -0.0007
"
"1","
"
"1","Iter   TrainDeviance   ValidDeviance   StepSize   Improve
"
"1","     1        1.0872             nan     0.1000    0.0151
"
"1","     2        1.0470             nan     0.1000    0.0088
"
"1","     3        1.0175             nan     0.1000    0.0053
"
"1","     4        0.9924             nan     0.1000    0.0070
"
"1","     5        0.9685             nan     0.1000    0.0017
"
"1","     6        0.9471             nan     0.1000    0.0069
"
"1","     7        0.9188             nan     0.1000    0.0078
"
"1","     8        0.8978             nan     0.1000    0.0039
"
"1","     9        0.8781             nan     0.1000    0.0016
"
"1","    10        0.8653             nan     0.1000    0.0007
"
"1","    20        0.7597             nan     0.1000    0.0018
"
"1","    40        0.6257             nan     0.1000   -0.0015
"
"1","    60        0.5238             nan     0.1000   -0.0008
"
"1","    80        0.4540             nan     0.1000   -0.0013
"
"1","   100        0.4032             nan     0.1000   -0.0016
"
"1","   120        0.3532             nan     0.1000   -0.0009
"
"1","   140        0.3134             nan     0.1000    0.0001
"
"1","   150        0.2894             nan     0.1000    0.0002
"
"1","
"
"1","Iter   TrainDeviance   ValidDeviance   StepSize   Improve
"
"1","     1        1.1862             nan     0.1000    0.0100
"
"1","     2        1.1606             nan     0.1000    0.0056
"
"1","     3        1.1456             nan     0.1000    0.0071
"
"1","     4        1.1268             nan     0.1000    0.0077
"
"1","     5        1.1098             nan     0.1000    0.0050
"
"1","     6        1.0941             nan     0.1000    0.0066
"
"1","     7        1.0823             nan     0.1000    0.0010
"
"1","     8        1.0712             nan     0.1000    0.0030
"
"1","     9        1.0574             nan     0.1000    0.0040
"
"1","    10        1.0445             nan     0.1000    0.0051
"
"1","    20        0.9579             nan     0.1000    0.0013
"
"1","    40        0.8719             nan     0.1000    0.0006
"
"1","    60        0.8140             nan     0.1000   -0.0009
"
"1","    80        0.7727             nan     0.1000   -0.0005
"
"1","   100        0.7371             nan     0.1000   -0.0014
"
"1","   120        0.7053             nan     0.1000   -0.0004
"
"1","   140        0.6739             nan     0.1000    0.0003
"
"1","   150        0.6592             nan     0.1000   -0.0019
"
"1","
"
"1","Iter   TrainDeviance   ValidDeviance   StepSize   Improve
"
"1","     1        1.1674             nan     0.1000    0.0168
"
"1","     2        1.1376             nan     0.1000    0.0116
"
"1","     3        1.1070             nan     0.1000    0.0111
"
"1","     4        1.0833             nan     0.1000    0.0031
"
"1","     5        1.0624             nan     0.1000    0.0047
"
"1","     6        1.0441             nan     0.1000    0.0032
"
"1","     7        1.0203             nan     0.1000    0.0056
"
"1","     8        1.0003             nan     0.1000    0.0047
"
"1","     9        0.9840             nan     0.1000    0.0029
"
"1","    10        0.9716             nan     0.1000   -0.0010
"
"1","    20        0.8594             nan     0.1000   -0.0002
"
"1","    40        0.7267             nan     0.1000   -0.0005
"
"1","    60        0.6392             nan     0.1000    0.0004
"
"1","    80        0.5736             nan     0.1000   -0.0016
"
"1","   100        0.5126             nan     0.1000   -0.0027
"
"1","   120        0.4552             nan     0.1000   -0.0026
"
"1","   140        0.4197             nan     0.1000   -0.0014
"
"1","   150        0.3941             nan     0.1000   -0.0015
"
"1","
"
"1","Iter   TrainDeviance   ValidDeviance   StepSize   Improve
"
"1","     1        1.1691             nan     0.1000    0.0112
"
"1","     2        1.1271             nan     0.1000    0.0143
"
"1","     3        1.0898             nan     0.1000    0.0130
"
"1","     4        1.0585             nan     0.1000    0.0074
"
"1","     5        1.0291             nan     0.1000    0.0072
"
"1","     6        1.0051             nan     0.1000    0.0078
"
"1","     7        0.9729             nan     0.1000    0.0058
"
"1","     8        0.9528             nan     0.1000    0.0047
"
"1","     9        0.9312             nan     0.1000    0.0050
"
"1","    10        0.9103             nan     0.1000    0.0087
"
"1","    20        0.7854             nan     0.1000   -0.0003
"
"1","    40        0.6181             nan     0.1000    0.0015
"
"1","    60        0.5119             nan     0.1000   -0.0042
"
"1","    80        0.4285             nan     0.1000    0.0004
"
"1","   100        0.3631             nan     0.1000   -0.0012
"
"1","   120        0.3062             nan     0.1000   -0.0008
"
"1","   140        0.2621             nan     0.1000   -0.0002
"
"1","   150        0.2450             nan     0.1000   -0.0014
"
"1","
"
"1","Iter   TrainDeviance   ValidDeviance   StepSize   Improve
"
"1","     1        1.1336             nan     0.1000    0.0150
"
"1","     2        1.1060             nan     0.1000    0.0095
"
"1","     3        1.0835             nan     0.1000    0.0096
"
"1","     4        1.0569             nan     0.1000    0.0097
"
"1","     5        1.0328             nan     0.1000    0.0058
"
"1","     6        1.0115             nan     0.1000    0.0096
"
"1","     7        1.0046             nan     0.1000   -0.0016
"
"1","     8        0.9892             nan     0.1000    0.0076
"
"1","     9        0.9734             nan     0.1000    0.0027
"
"1","    10        0.9617             nan     0.1000    0.0042
"
"1","    20        0.8788             nan     0.1000    0.0001
"
"1","    40        0.7855             nan     0.1000   -0.0013
"
"1","    60        0.7332             nan     0.1000   -0.0035
"
"1","    80        0.6905             nan     0.1000   -0.0030
"
"1","   100        0.6518             nan     0.1000   -0.0009
"
"1","   120        0.6205             nan     0.1000   -0.0012
"
"1","   140        0.5981             nan     0.1000   -0.0013
"
"1","   150        0.5852             nan     0.1000   -0.0024
"
"1","
"
"1","Iter   TrainDeviance   ValidDeviance   StepSize   Improve
"
"1","     1        1.1205             nan     0.1000    0.0176
"
"1","     2        1.0702             nan     0.1000    0.0147
"
"1","     3        1.0365             nan     0.1000    0.0126
"
"1","     4        1.0115             nan     0.1000    0.0097
"
"1","     5        0.9775             nan     0.1000    0.0120
"
"1","     6        0.9513             nan     0.1000    0.0114
"
"1","     7        0.9348             nan     0.1000    0.0044
"
"1","     8        0.9145             nan     0.1000    0.0062
"
"1","     9        0.8973             nan     0.1000    0.0059
"
"1","    10        0.8776             nan     0.1000    0.0045
"
"1","    20        0.7573             nan     0.1000    0.0004
"
"1","    40        0.6261             nan     0.1000    0.0030
"
"1","    60        0.5481             nan     0.1000   -0.0008
"
"1","    80        0.4810             nan     0.1000    0.0006
"
"1","   100        0.4197             nan     0.1000   -0.0013
"
"1","   120        0.3723             nan     0.1000   -0.0011
"
"1","   140        0.3346             nan     0.1000   -0.0001
"
"1","   150        0.3178             nan     0.1000   -0.0012
"
"1","
"
"1","Iter   TrainDeviance   ValidDeviance   StepSize   Improve
"
"1","     1        1.1054             nan     0.1000    0.0174
"
"1","     2        1.0482             nan     0.1000    0.0225
"
"1","     3        1.0046             nan     0.1000    0.0158
"
"1","     4        0.9623             nan     0.1000    0.0164
"
"1","     5        0.9334             nan     0.1000    0.0082
"
"1","     6        0.8977             nan     0.1000    0.0085
"
"1","     7        0.8804             nan     0.1000    0.0009
"
"1","     8        0.8536             nan     0.1000    0.0047
"
"1","     9        0.8309             nan     0.1000    0.0050
"
"1","    10        0.8119             nan     0.1000    0.0054
"
"1","    20        0.6684             nan     0.1000    0.0043
"
"1","    40        0.5056             nan     0.1000   -0.0026
"
"1","    60        0.4041             nan     0.1000   -0.0010
"
"1","    80        0.3255             nan     0.1000   -0.0014
"
"1","   100        0.2750             nan     0.1000   -0.0003
"
"1","   120        0.2245             nan     0.1000    0.0001
"
"1","   140        0.1899             nan     0.1000   -0.0008
"
"1","   150        0.1746             nan     0.1000   -0.0005
"
"1","
"
"1","Iter   TrainDeviance   ValidDeviance   StepSize   Improve
"
"1","     1        1.2030             nan     0.1000    0.0148
"
"1","     2        1.1753             nan     0.1000    0.0124
"
"1","     3        1.1582             nan     0.1000    0.0078
"
"1","     4        1.1427             nan     0.1000    0.0062
"
"1","     5        1.1192             nan     0.1000    0.0090
"
"1","     6        1.1044             nan     0.1000    0.0064
"
"1","     7        1.0934             nan     0.1000    0.0011
"
"1","     8        1.0781             nan     0.1000    0.0061
"
"1","     9        1.0643             nan     0.1000    0.0032
"
"1","    10        1.0479             nan     0.1000    0.0074
"
"1","    20        0.9703             nan     0.1000   -0.0008
"
"1","    40        0.8829             nan     0.1000   -0.0035
"
"1","    60        0.8382             nan     0.1000   -0.0016
"
"1","    80        0.8034             nan     0.1000   -0.0018
"
"1","   100        0.7572             nan     0.1000   -0.0019
"
"1","   120        0.7234             nan     0.1000    0.0002
"
"1","   140        0.6864             nan     0.1000   -0.0030
"
"1","   150        0.6761             nan     0.1000   -0.0006
"
"1","
"
"1","Iter   TrainDeviance   ValidDeviance   StepSize   Improve
"
"1","     1        1.1949             nan     0.1000    0.0171
"
"1","     2        1.1517             nan     0.1000    0.0192
"
"1","     3        1.1196             nan     0.1000    0.0112
"
"1","     4        1.1001             nan     0.1000    0.0069
"
"1","     5        1.0688             nan     0.1000    0.0093
"
"1","     6        1.0365             nan     0.1000    0.0098
"
"1","     7        1.0171             nan     0.1000    0.0050
"
"1","     8        0.9975             nan     0.1000    0.0043
"
"1","     9        0.9746             nan     0.1000    0.0096
"
"1","    10        0.9552             nan     0.1000    0.0053
"
"1","    20        0.8425             nan     0.1000    0.0004
"
"1","    40        0.7064             nan     0.1000   -0.0010
"
"1","    60        0.6279             nan     0.1000   -0.0004
"
"1","    80        0.5510             nan     0.1000   -0.0034
"
"1","   100        0.4937             nan     0.1000   -0.0023
"
"1","   120        0.4424             nan     0.1000   -0.0008
"
"1","   140        0.3993             nan     0.1000   -0.0015
"
"1","   150        0.3755             nan     0.1000    0.0005
"
"1","
"
"1","Iter   TrainDeviance   ValidDeviance   StepSize   Improve
"
"1","     1        1.1836             nan     0.1000    0.0250
"
"1","     2        1.1352             nan     0.1000    0.0141
"
"1","     3        1.0940             nan     0.1000    0.0166
"
"1","     4        1.0615             nan     0.1000    0.0125
"
"1","     5        1.0350             nan     0.1000    0.0085
"
"1","     6        1.0014             nan     0.1000    0.0118
"
"1","     7        0.9720             nan     0.1000    0.0092
"
"1","     8        0.9483             nan     0.1000    0.0091
"
"1","     9        0.9259             nan     0.1000    0.0066
"
"1","    10        0.9108             nan     0.1000    0.0034
"
"1","    20        0.7812             nan     0.1000    0.0031
"
"1","    40        0.5992             nan     0.1000   -0.0006
"
"1","    60        0.4966             nan     0.1000   -0.0012
"
"1","    80        0.4165             nan     0.1000   -0.0006
"
"1","   100        0.3559             nan     0.1000   -0.0018
"
"1","   120        0.2972             nan     0.1000   -0.0017
"
"1","   140        0.2530             nan     0.1000   -0.0013
"
"1","   150        0.2341             nan     0.1000   -0.0015
"
"1","
"
"1","Iter   TrainDeviance   ValidDeviance   StepSize   Improve
"
"1","     1        1.1441             nan     0.1000    0.0113
"
"1","     2        1.1188             nan     0.1000    0.0114
"
"1","     3        1.1076             nan     0.1000    0.0008
"
"1","     4        1.0925             nan     0.1000    0.0038
"
"1","     5        1.0778             nan     0.1000    0.0068
"
"1","     6        1.0620             nan     0.1000    0.0062
"
"1","     7        1.0438             nan     0.1000    0.0077
"
"1","     8        1.0278             nan     0.1000    0.0065
"
"1","     9        1.0190             nan     0.1000    0.0014
"
"1","    10        1.0056             nan     0.1000    0.0017
"
"1","    20        0.9238             nan     0.1000   -0.0018
"
"1","    40        0.8456             nan     0.1000   -0.0009
"
"1","    60        0.8017             nan     0.1000   -0.0006
"
"1","    80        0.7645             nan     0.1000   -0.0011
"
"1","   100        0.7294             nan     0.1000   -0.0019
"
"1","   120        0.6999             nan     0.1000   -0.0005
"
"1","   140        0.6776             nan     0.1000   -0.0005
"
"1","   150        0.6668             nan     0.1000   -0.0015
"
"1","
"
"1","Iter   TrainDeviance   ValidDeviance   StepSize   Improve
"
"1","     1        1.1254             nan     0.1000    0.0081
"
"1","     2        1.0853             nan     0.1000    0.0082
"
"1","     3        1.0540             nan     0.1000    0.0054
"
"1","     4        1.0330             nan     0.1000    0.0086
"
"1","     5        1.0126             nan     0.1000    0.0043
"
"1","     6        0.9790             nan     0.1000    0.0133
"
"1","     7        0.9625             nan     0.1000    0.0064
"
"1","     8        0.9394             nan     0.1000    0.0098
"
"1","     9        0.9258             nan     0.1000    0.0039
"
"1","    10        0.9121             nan     0.1000    0.0043
"
"1","    20        0.8037             nan     0.1000    0.0020
"
"1","    40        0.6819             nan     0.1000    0.0000
"
"1","    60        0.5947             nan     0.1000   -0.0007
"
"1","    80        0.5242             nan     0.1000   -0.0003
"
"1","   100        0.4741             nan     0.1000   -0.0020
"
"1","   120        0.4261             nan     0.1000    0.0006
"
"1","   140        0.3824             nan     0.1000   -0.0009
"
"1","   150        0.3620             nan     0.1000   -0.0001
"
"1","
"
"1","Iter   TrainDeviance   ValidDeviance   StepSize   Improve
"
"1","     1        1.1263             nan     0.1000    0.0148
"
"1","     2        1.0985             nan     0.1000    0.0048
"
"1","     3        1.0638             nan     0.1000    0.0135
"
"1","     4        1.0207             nan     0.1000    0.0159
"
"1","     5        0.9931             nan     0.1000    0.0064
"
"1","     6        0.9654             nan     0.1000    0.0069
"
"1","     7        0.9421             nan     0.1000    0.0031
"
"1","     8        0.9240             nan     0.1000    0.0031
"
"1","     9        0.8940             nan     0.1000    0.0071
"
"1","    10        0.8767             nan     0.1000    0.0043
"
"1","    20        0.7525             nan     0.1000    0.0017
"
"1","    40        0.5850             nan     0.1000    0.0016
"
"1","    60        0.4837             nan     0.1000   -0.0012
"
"1","    80        0.4126             nan     0.1000   -0.0006
"
"1","   100        0.3404             nan     0.1000   -0.0020
"
"1","   120        0.2913             nan     0.1000   -0.0020
"
"1","   140        0.2524             nan     0.1000   -0.0012
"
"1","   150        0.2332             nan     0.1000   -0.0013
"
"1","
"
"1","Iter   TrainDeviance   ValidDeviance   StepSize   Improve
"
"1","     1        1.1043             nan     0.1000    0.0088
"
"1","     2        1.0811             nan     0.1000    0.0106
"
"1","     3        1.0624             nan     0.1000    0.0062
"
"1","     4        1.0481             nan     0.1000    0.0058
"
"1","     5        1.0347             nan     0.1000    0.0040
"
"1","     6        1.0139             nan     0.1000    0.0050
"
"1","     7        1.0011             nan     0.1000    0.0026
"
"1","     8        0.9865             nan     0.1000    0.0022
"
"1","     9        0.9681             nan     0.1000    0.0066
"
"1","    10        0.9530             nan     0.1000    0.0059
"
"1","    20        0.8652             nan     0.1000    0.0017
"
"1","    40        0.7929             nan     0.1000   -0.0018
"
"1","    60        0.7499             nan     0.1000   -0.0014
"
"1","    80        0.7140             nan     0.1000   -0.0013
"
"1","   100        0.6822             nan     0.1000   -0.0015
"
"1","   120        0.6508             nan     0.1000   -0.0008
"
"1","   140        0.6309             nan     0.1000    0.0003
"
"1","   150        0.6191             nan     0.1000   -0.0015
"
"1","
"
"1","Iter   TrainDeviance   ValidDeviance   StepSize   Improve
"
"1","     1        1.0943             nan     0.1000    0.0104
"
"1","     2        1.0533             nan     0.1000    0.0163
"
"1","     3        1.0272             nan     0.1000    0.0102
"
"1","     4        0.9973             nan     0.1000    0.0100
"
"1","     5        0.9747             nan     0.1000    0.0053
"
"1","     6        0.9520             nan     0.1000    0.0053
"
"1","     7        0.9386             nan     0.1000   -0.0025
"
"1","     8        0.9194             nan     0.1000    0.0051
"
"1","     9        0.8985             nan     0.1000    0.0075
"
"1","    10        0.8895             nan     0.1000   -0.0001
"
"1","    20        0.7767             nan     0.1000   -0.0031
"
"1","    40        0.6643             nan     0.1000    0.0009
"
"1","    60        0.5874             nan     0.1000   -0.0014
"
"1","    80        0.5308             nan     0.1000   -0.0023
"
"1","   100        0.4776             nan     0.1000   -0.0009
"
"1","   120        0.4399             nan     0.1000   -0.0006
"
"1","   140        0.4000             nan     0.1000   -0.0009
"
"1","   150        0.3863             nan     0.1000   -0.0016
"
"1","
"
"1","Iter   TrainDeviance   ValidDeviance   StepSize   Improve
"
"1","     1        1.0801             nan     0.1000    0.0217
"
"1","     2        1.0333             nan     0.1000    0.0187
"
"1","     3        0.9935             nan     0.1000    0.0138
"
"1","     4        0.9572             nan     0.1000    0.0154
"
"1","     5        0.9303             nan     0.1000    0.0065
"
"1","     6        0.9016             nan     0.1000    0.0062
"
"1","     7        0.8835             nan     0.1000    0.0065
"
"1","     8        0.8630             nan     0.1000    0.0032
"
"1","     9        0.8418             nan     0.1000    0.0096
"
"1","    10        0.8201             nan     0.1000    0.0047
"
"1","    20        0.7117             nan     0.1000    0.0015
"
"1","    40        0.5702             nan     0.1000   -0.0023
"
"1","    60        0.4667             nan     0.1000   -0.0007
"
"1","    80        0.3966             nan     0.1000   -0.0013
"
"1","   100        0.3363             nan     0.1000   -0.0013
"
"1","   120        0.2832             nan     0.1000   -0.0000
"
"1","   140        0.2451             nan     0.1000   -0.0012
"
"1","   150        0.2296             nan     0.1000   -0.0008
"
"1","
"
"1","Iter   TrainDeviance   ValidDeviance   StepSize   Improve
"
"1","     1        1.0769             nan     0.1000    0.0075
"
"1","     2        1.0518             nan     0.1000    0.0082
"
"1","     3        1.0324             nan     0.1000    0.0076
"
"1","     4        1.0155             nan     0.1000    0.0036
"
"1","     5        1.0005             nan     0.1000    0.0063
"
"1","     6        0.9879             nan     0.1000    0.0035
"
"1","     7        0.9719             nan     0.1000    0.0007
"
"1","     8        0.9558             nan     0.1000    0.0042
"
"1","     9        0.9445             nan     0.1000    0.0001
"
"1","    10        0.9259             nan     0.1000    0.0061
"
"1","    20        0.8416             nan     0.1000   -0.0001
"
"1","    40        0.7579             nan     0.1000   -0.0008
"
"1","    60        0.6898             nan     0.1000   -0.0010
"
"1","    80        0.6579             nan     0.1000   -0.0021
"
"1","   100        0.6186             nan     0.1000   -0.0014
"
"1","   120        0.5870             nan     0.1000   -0.0021
"
"1","   140        0.5618             nan     0.1000   -0.0013
"
"1","   150        0.5496             nan     0.1000   -0.0002
"
"1","
"
"1","Iter   TrainDeviance   ValidDeviance   StepSize   Improve
"
"1","     1        1.0607             nan     0.1000    0.0174
"
"1","     2        1.0213             nan     0.1000    0.0144
"
"1","     3        0.9930             nan     0.1000    0.0096
"
"1","     4        0.9662             nan     0.1000    0.0086
"
"1","     5        0.9424             nan     0.1000    0.0071
"
"1","     6        0.9211             nan     0.1000    0.0066
"
"1","     7        0.9040             nan     0.1000    0.0022
"
"1","     8        0.8913             nan     0.1000    0.0046
"
"1","     9        0.8711             nan     0.1000    0.0048
"
"1","    10        0.8569             nan     0.1000    0.0042
"
"1","    20        0.7436             nan     0.1000    0.0012
"
"1","    40        0.6067             nan     0.1000   -0.0013
"
"1","    60        0.5181             nan     0.1000    0.0004
"
"1","    80        0.4496             nan     0.1000   -0.0007
"
"1","   100        0.3960             nan     0.1000   -0.0012
"
"1","   120        0.3572             nan     0.1000    0.0000
"
"1","   140        0.3239             nan     0.1000   -0.0005
"
"1","   150        0.3034             nan     0.1000   -0.0004
"
"1","
"
"1","Iter   TrainDeviance   ValidDeviance   StepSize   Improve
"
"1","     1        1.0499             nan     0.1000    0.0141
"
"1","     2        1.0044             nan     0.1000    0.0174
"
"1","     3        0.9679             nan     0.1000    0.0130
"
"1","     4        0.9363             nan     0.1000    0.0091
"
"1","     5        0.9065             nan     0.1000    0.0041
"
"1","     6        0.8769             nan     0.1000    0.0110
"
"1","     7        0.8499             nan     0.1000    0.0058
"
"1","     8        0.8304             nan     0.1000   -0.0001
"
"1","     9        0.8137             nan     0.1000    0.0037
"
"1","    10        0.7915             nan     0.1000    0.0083
"
"1","    20        0.6543             nan     0.1000    0.0054
"
"1","    40        0.5003             nan     0.1000   -0.0016
"
"1","    60        0.4015             nan     0.1000   -0.0008
"
"1","    80        0.3246             nan     0.1000    0.0004
"
"1","   100        0.2694             nan     0.1000   -0.0007
"
"1","   120        0.2250             nan     0.1000   -0.0001
"
"1","   140        0.1870             nan     0.1000    0.0000
"
"1","   150        0.1706             nan     0.1000   -0.0001
"
"1","
"
"1","Iter   TrainDeviance   ValidDeviance   StepSize   Improve
"
"1","     1        1.1620             nan     0.1000    0.0068
"
"1","     2        1.1393             nan     0.1000    0.0102
"
"1","     3        1.1181             nan     0.1000    0.0069
"
"1","     4        1.0975             nan     0.1000    0.0075
"
"1","     5        1.0783             nan     0.1000    0.0061
"
"1","     6        1.0626             nan     0.1000    0.0037
"
"1","     7        1.0456             nan     0.1000    0.0069
"
"1","     8        1.0339             nan     0.1000    0.0011
"
"1","     9        1.0281             nan     0.1000   -0.0005
"
"1","    10        1.0124             nan     0.1000    0.0065
"
"1","    20        0.9071             nan     0.1000    0.0015
"
"1","    40        0.8187             nan     0.1000   -0.0008
"
"1","    60        0.7655             nan     0.1000   -0.0011
"
"1","    80        0.7238             nan     0.1000   -0.0012
"
"1","   100        0.6880             nan     0.1000   -0.0012
"
"1","   120        0.6596             nan     0.1000   -0.0013
"
"1","   140        0.6304             nan     0.1000   -0.0004
"
"1","   150        0.6191             nan     0.1000   -0.0014
"
"1","
"
"1","Iter   TrainDeviance   ValidDeviance   StepSize   Improve
"
"1","     1        1.1390             nan     0.1000    0.0158
"
"1","     2        1.1045             nan     0.1000    0.0128
"
"1","     3        1.0759             nan     0.1000    0.0120
"
"1","     4        1.0474             nan     0.1000    0.0073
"
"1","     5        1.0269             nan     0.1000    0.0056
"
"1","     6        0.9980             nan     0.1000    0.0114
"
"1","     7        0.9781             nan     0.1000    0.0078
"
"1","     8        0.9567             nan     0.1000    0.0049
"
"1","     9        0.9334             nan     0.1000    0.0070
"
"1","    10        0.9167             nan     0.1000    0.0066
"
"1","    20        0.7958             nan     0.1000    0.0029
"
"1","    40        0.6667             nan     0.1000   -0.0008
"
"1","    60        0.5858             nan     0.1000   -0.0008
"
"1","    80        0.5221             nan     0.1000   -0.0012
"
"1","   100        0.4737             nan     0.1000   -0.0008
"
"1","   120        0.4212             nan     0.1000    0.0012
"
"1","   140        0.3865             nan     0.1000   -0.0032
"
"1","   150        0.3697             nan     0.1000    0.0002
"
"1","
"
"1","Iter   TrainDeviance   ValidDeviance   StepSize   Improve
"
"1","     1        1.1330             nan     0.1000    0.0118
"
"1","     2        1.0864             nan     0.1000    0.0144
"
"1","     3        1.0451             nan     0.1000    0.0163
"
"1","     4        1.0087             nan     0.1000    0.0092
"
"1","     5        0.9788             nan     0.1000    0.0098
"
"1","     6        0.9501             nan     0.1000    0.0084
"
"1","     7        0.9320             nan     0.1000    0.0059
"
"1","     8        0.9097             nan     0.1000    0.0047
"
"1","     9        0.8857             nan     0.1000    0.0068
"
"1","    10        0.8665             nan     0.1000    0.0080
"
"1","    20        0.7243             nan     0.1000    0.0054
"
"1","    40        0.5719             nan     0.1000    0.0008
"
"1","    60        0.4697             nan     0.1000    0.0003
"
"1","    80        0.3931             nan     0.1000   -0.0009
"
"1","   100        0.3330             nan     0.1000   -0.0005
"
"1","   120        0.2861             nan     0.1000   -0.0008
"
"1","   140        0.2461             nan     0.1000   -0.0017
"
"1","   150        0.2289             nan     0.1000   -0.0009
"
"1","
"
"1","Iter   TrainDeviance   ValidDeviance   StepSize   Improve
"
"1","     1        1.1647             nan     0.1000    0.0128
"
"1","     2        1.1445             nan     0.1000    0.0091
"
"1","     3        1.1215             nan     0.1000    0.0072
"
"1","     4        1.1045             nan     0.1000    0.0021
"
"1","     5        1.0877             nan     0.1000    0.0039
"
"1","     6        1.0774             nan     0.1000    0.0014
"
"1","     7        1.0655             nan     0.1000    0.0036
"
"1","     8        1.0517             nan     0.1000    0.0048
"
"1","     9        1.0414             nan     0.1000    0.0036
"
"1","    10        1.0343             nan     0.1000   -0.0009
"
"1","    20        0.9569             nan     0.1000   -0.0011
"
"1","    40        0.8674             nan     0.1000    0.0023
"
"1","    60        0.8100             nan     0.1000   -0.0010
"
"1","    80        0.7679             nan     0.1000   -0.0008
"
"1","   100        0.7392             nan     0.1000   -0.0005
"
"1","   120        0.6987             nan     0.1000   -0.0018
"
"1","   140        0.6726             nan     0.1000   -0.0014
"
"1","   150        0.6625             nan     0.1000   -0.0006
"
"1","
"
"1","Iter   TrainDeviance   ValidDeviance   StepSize   Improve
"
"1","     1        1.1599             nan     0.1000    0.0134
"
"1","     2        1.1352             nan     0.1000    0.0094
"
"1","     3        1.1047             nan     0.1000    0.0127
"
"1","     4        1.0740             nan     0.1000    0.0101
"
"1","     5        1.0519             nan     0.1000    0.0048
"
"1","     6        1.0295             nan     0.1000    0.0030
"
"1","     7        1.0167             nan     0.1000    0.0011
"
"1","     8        0.9993             nan     0.1000    0.0074
"
"1","     9        0.9761             nan     0.1000    0.0085
"
"1","    10        0.9630             nan     0.1000    0.0025
"
"1","    20        0.8476             nan     0.1000    0.0021
"
"1","    40        0.6998             nan     0.1000   -0.0015
"
"1","    60        0.6169             nan     0.1000   -0.0002
"
"1","    80        0.5410             nan     0.1000   -0.0043
"
"1","   100        0.4929             nan     0.1000   -0.0014
"
"1","   120        0.4492             nan     0.1000   -0.0010
"
"1","   140        0.4087             nan     0.1000   -0.0011
"
"1","   150        0.3903             nan     0.1000   -0.0026
"
"1","
"
"1","Iter   TrainDeviance   ValidDeviance   StepSize   Improve
"
"1","     1        1.1380             nan     0.1000    0.0120
"
"1","     2        1.1006             nan     0.1000    0.0108
"
"1","     3        1.0679             nan     0.1000    0.0103
"
"1","     4        1.0429             nan     0.1000    0.0070
"
"1","     5        1.0147             nan     0.1000    0.0099
"
"1","     6        0.9919             nan     0.1000    0.0078
"
"1","     7        0.9642             nan     0.1000    0.0129
"
"1","     8        0.9420             nan     0.1000    0.0088
"
"1","     9        0.9248             nan     0.1000    0.0040
"
"1","    10        0.8968             nan     0.1000    0.0073
"
"1","    20        0.7521             nan     0.1000   -0.0006
"
"1","    40        0.5977             nan     0.1000   -0.0017
"
"1","    60        0.4923             nan     0.1000    0.0006
"
"1","    80        0.4152             nan     0.1000   -0.0020
"
"1","   100        0.3491             nan     0.1000   -0.0010
"
"1","   120        0.2991             nan     0.1000   -0.0004
"
"1","   140        0.2601             nan     0.1000   -0.0005
"
"1","   150        0.2411             nan     0.1000   -0.0015
"
"1","
"
"1","Iter   TrainDeviance   ValidDeviance   StepSize   Improve
"
"1","     1        1.1683             nan     0.1000    0.0085
"
"1","     2        1.1459             nan     0.1000    0.0071
"
"1","     3        1.1295             nan     0.1000    0.0055
"
"1","     4        1.1134             nan     0.1000    0.0057
"
"1","     5        1.0967             nan     0.1000    0.0034
"
"1","     6        1.0847             nan     0.1000    0.0054
"
"1","     7        1.0733             nan     0.1000    0.0042
"
"1","     8        1.0649             nan     0.1000    0.0010
"
"1","     9        1.0546             nan     0.1000    0.0011
"
"1","    10        1.0457             nan     0.1000   -0.0003
"
"1","    20        0.9740             nan     0.1000    0.0017
"
"1","    40        0.8905             nan     0.1000    0.0003
"
"1","    60        0.8298             nan     0.1000   -0.0010
"
"1","    80        0.7867             nan     0.1000   -0.0025
"
"1","   100        0.7432             nan     0.1000    0.0006
"
"1","   120        0.7123             nan     0.1000   -0.0011
"
"1","   140        0.6834             nan     0.1000   -0.0005
"
"1","   150        0.6700             nan     0.1000    0.0001
"
"1","
"
"1","Iter   TrainDeviance   ValidDeviance   StepSize   Improve
"
"1","     1        1.1571             nan     0.1000    0.0123
"
"1","     2        1.1328             nan     0.1000    0.0066
"
"1","     3        1.1082             nan     0.1000    0.0083
"
"1","     4        1.0862             nan     0.1000    0.0046
"
"1","     5        1.0627             nan     0.1000    0.0046
"
"1","     6        1.0391             nan     0.1000    0.0099
"
"1","     7        1.0235             nan     0.1000    0.0073
"
"1","     8        1.0041             nan     0.1000    0.0078
"
"1","     9        0.9906             nan     0.1000    0.0010
"
"1","    10        0.9769             nan     0.1000    0.0027
"
"1","    20        0.8573             nan     0.1000    0.0019
"
"1","    40        0.7267             nan     0.1000   -0.0002
"
"1","    60        0.6467             nan     0.1000   -0.0009
"
"1","    80        0.5860             nan     0.1000   -0.0005
"
"1","   100        0.5379             nan     0.1000   -0.0018
"
"1","   120        0.4970             nan     0.1000   -0.0006
"
"1","   140        0.4456             nan     0.1000   -0.0004
"
"1","   150        0.4277             nan     0.1000   -0.0019
"
"1","
"
"1","Iter   TrainDeviance   ValidDeviance   StepSize   Improve
"
"1","     1        1.1445             nan     0.1000    0.0105
"
"1","     2        1.1102             nan     0.1000    0.0107
"
"1","     3        1.0764             nan     0.1000    0.0114
"
"1","     4        1.0490             nan     0.1000    0.0071
"
"1","     5        1.0165             nan     0.1000    0.0070
"
"1","     6        0.9912             nan     0.1000    0.0060
"
"1","     7        0.9699             nan     0.1000    0.0038
"
"1","     8        0.9486             nan     0.1000    0.0082
"
"1","     9        0.9346             nan     0.1000    0.0034
"
"1","    10        0.9147             nan     0.1000    0.0037
"
"1","    20        0.7821             nan     0.1000   -0.0020
"
"1","    40        0.6272             nan     0.1000   -0.0002
"
"1","    60        0.5290             nan     0.1000   -0.0024
"
"1","    80        0.4408             nan     0.1000   -0.0008
"
"1","   100        0.3835             nan     0.1000    0.0004
"
"1","   120        0.3337             nan     0.1000   -0.0021
"
"1","   140        0.2897             nan     0.1000   -0.0008
"
"1","   150        0.2722             nan     0.1000   -0.0022
"
"1","
"
"1","Iter   TrainDeviance   ValidDeviance   StepSize   Improve
"
"1","     1        1.1333             nan     0.1000    0.0205
"
"1","     2        1.0970             nan     0.1000    0.0112
"
"1","     3        1.0654             nan     0.1000    0.0127
"
"1","     4        1.0359             nan     0.1000    0.0091
"
"1","     5        1.0129             nan     0.1000    0.0081
"
"1","     6        0.9946             nan     0.1000    0.0068
"
"1","     7        0.9695             nan     0.1000    0.0086
"
"1","     8        0.9556             nan     0.1000    0.0038
"
"1","     9        0.9436             nan     0.1000    0.0022
"
"1","    10        0.9267             nan     0.1000    0.0040
"
"1","    20        0.8278             nan     0.1000    0.0011
"
"1","    40        0.7526             nan     0.1000    0.0000
"
"1","    60        0.7028             nan     0.1000   -0.0019
"
"1","    80        0.6548             nan     0.1000   -0.0017
"
"1","   100        0.6214             nan     0.1000   -0.0025
"
"1","   120        0.5996             nan     0.1000   -0.0012
"
"1","   140        0.5728             nan     0.1000   -0.0019
"
"1","   150        0.5601             nan     0.1000   -0.0012
"
"1","
"
"1","Iter   TrainDeviance   ValidDeviance   StepSize   Improve
"
"1","     1        1.1058             nan     0.1000    0.0266
"
"1","     2        1.0693             nan     0.1000    0.0143
"
"1","     3        1.0302             nan     0.1000    0.0151
"
"1","     4        0.9847             nan     0.1000    0.0173
"
"1","     5        0.9565             nan     0.1000    0.0090
"
"1","     6        0.9265             nan     0.1000    0.0112
"
"1","     7        0.9141             nan     0.1000    0.0035
"
"1","     8        0.8976             nan     0.1000    0.0031
"
"1","     9        0.8775             nan     0.1000    0.0035
"
"1","    10        0.8573             nan     0.1000    0.0085
"
"1","    20        0.7325             nan     0.1000    0.0030
"
"1","    40        0.6057             nan     0.1000   -0.0002
"
"1","    60        0.5339             nan     0.1000   -0.0013
"
"1","    80        0.4758             nan     0.1000   -0.0023
"
"1","   100        0.4208             nan     0.1000    0.0008
"
"1","   120        0.3756             nan     0.1000   -0.0017
"
"1","   140        0.3428             nan     0.1000   -0.0016
"
"1","   150        0.3249             nan     0.1000   -0.0005
"
"1","
"
"1","Iter   TrainDeviance   ValidDeviance   StepSize   Improve
"
"1","     1        1.0997             nan     0.1000    0.0316
"
"1","     2        1.0433             nan     0.1000    0.0243
"
"1","     3        1.0013             nan     0.1000    0.0148
"
"1","     4        0.9619             nan     0.1000    0.0160
"
"1","     5        0.9251             nan     0.1000    0.0093
"
"1","     6        0.9002             nan     0.1000    0.0094
"
"1","     7        0.8755             nan     0.1000    0.0039
"
"1","     8        0.8513             nan     0.1000    0.0075
"
"1","     9        0.8312             nan     0.1000    0.0050
"
"1","    10        0.8109             nan     0.1000    0.0064
"
"1","    20        0.6692             nan     0.1000    0.0030
"
"1","    40        0.5138             nan     0.1000    0.0003
"
"1","    60        0.4326             nan     0.1000   -0.0020
"
"1","    80        0.3634             nan     0.1000   -0.0018
"
"1","   100        0.3124             nan     0.1000   -0.0020
"
"1","   120        0.2666             nan     0.1000   -0.0022
"
"1","   140        0.2274             nan     0.1000   -0.0010
"
"1","   150        0.2097             nan     0.1000   -0.0012
"
"1","
"
"1","Iter   TrainDeviance   ValidDeviance   StepSize   Improve
"
"1","     1        1.1704             nan     0.1000    0.0129
"
"1","     2        1.1409             nan     0.1000    0.0126
"
"1","     3        1.1161             nan     0.1000    0.0095
"
"1","     4        1.0991             nan     0.1000    0.0043
"
"1","     5        1.0835             nan     0.1000    0.0067
"
"1","     6        1.0662             nan     0.1000    0.0046
"
"1","     7        1.0499             nan     0.1000    0.0078
"
"1","     8        1.0396             nan     0.1000    0.0032
"
"1","     9        1.0269             nan     0.1000    0.0051
"
"1","    10        1.0135             nan     0.1000    0.0036
"
"1","    20        0.9234             nan     0.1000    0.0041
"
"1","    40        0.8409             nan     0.1000   -0.0017
"
"1","    60        0.7879             nan     0.1000    0.0008
"
"1","    80        0.7493             nan     0.1000   -0.0020
"
"1","   100        0.7159             nan     0.1000   -0.0009
"
"1","   120        0.6849             nan     0.1000   -0.0004
"
"1","   140        0.6606             nan     0.1000   -0.0005
"
"1","   150        0.6480             nan     0.1000    0.0003
"
"1","
"
"1","Iter   TrainDeviance   ValidDeviance   StepSize   Improve
"
"1","     1        1.1499             nan     0.1000    0.0129
"
"1","     2        1.1067             nan     0.1000    0.0151
"
"1","     3        1.0777             nan     0.1000    0.0095
"
"1","     4        1.0533             nan     0.1000    0.0103
"
"1","     5        1.0267             nan     0.1000    0.0098
"
"1","     6        1.0110             nan     0.1000    0.0033
"
"1","     7        0.9942             nan     0.1000    0.0071
"
"1","     8        0.9701             nan     0.1000    0.0070
"
"1","     9        0.9553             nan     0.1000    0.0020
"
"1","    10        0.9435             nan     0.1000    0.0025
"
"1","    20        0.8373             nan     0.1000    0.0020
"
"1","    40        0.6990             nan     0.1000   -0.0005
"
"1","    60        0.6201             nan     0.1000   -0.0020
"
"1","    80        0.5468             nan     0.1000   -0.0040
"
"1","   100        0.4962             nan     0.1000   -0.0014
"
"1","   120        0.4525             nan     0.1000   -0.0016
"
"1","   140        0.4124             nan     0.1000   -0.0002
"
"1","   150        0.3954             nan     0.1000   -0.0028
"
"1","
"
"1","Iter   TrainDeviance   ValidDeviance   StepSize   Improve
"
"1","     1        1.1383             nan     0.1000    0.0205
"
"1","     2        1.0973             nan     0.1000    0.0140
"
"1","     3        1.0647             nan     0.1000    0.0132
"
"1","     4        1.0344             nan     0.1000    0.0087
"
"1","     5        1.0017             nan     0.1000    0.0123
"
"1","     6        0.9814             nan     0.1000    0.0003
"
"1","     7        0.9578             nan     0.1000    0.0068
"
"1","     8        0.9309             nan     0.1000    0.0064
"
"1","     9        0.9040             nan     0.1000    0.0039
"
"1","    10        0.8785             nan     0.1000    0.0076
"
"1","    20        0.7644             nan     0.1000   -0.0021
"
"1","    40        0.6022             nan     0.1000   -0.0006
"
"1","    60        0.5050             nan     0.1000   -0.0047
"
"1","    80        0.4326             nan     0.1000   -0.0008
"
"1","   100        0.3741             nan     0.1000   -0.0003
"
"1","   120        0.3229             nan     0.1000   -0.0019
"
"1","   140        0.2775             nan     0.1000   -0.0002
"
"1","   150        0.2606             nan     0.1000   -0.0007
"
"1","
"
"1","Iter   TrainDeviance   ValidDeviance   StepSize   Improve
"
"1","     1        1.1533             nan     0.1000    0.0143
"
"1","     2        1.1247             nan     0.1000    0.0052
"
"1","     3        1.1075             nan     0.1000    0.0025
"
"1","     4        1.0866             nan     0.1000    0.0023
"
"1","     5        1.0573             nan     0.1000    0.0068
"
"1","     6        1.0318             nan     0.1000    0.0054
"
"1","     7        1.0154             nan     0.1000    0.0016
"
"1","     8        0.9996             nan     0.1000   -0.0006
"
"1","     9        0.9786             nan     0.1000    0.0052
"
"1","    10        0.9651             nan     0.1000    0.0013
"
"1","    20        0.8645             nan     0.1000   -0.0032
"
"1","    40        0.7379             nan     0.1000   -0.0037
"
"1","    60        0.6441             nan     0.1000   -0.0014
"
"1","    80        0.5771             nan     0.1000   -0.0018
"
"1","   100        0.5251             nan     0.1000   -0.0020
"
"1","   120        0.4794             nan     0.1000   -0.0021
"
"1","   140        0.4364             nan     0.1000   -0.0015
"
"1","   150        0.4131             nan     0.1000   -0.0005
"
"1","
"
"1","[1]"
"1"," ""svmRadial"""
"1","
"
"1","[1]"
"1"," ""svmRadialCost"""
"1","
"
"1","[1]"
"1"," ""svmRadialSigma"""
"1","
"
"1","[1]"
"1"," ""lda"""
"1","
"
"2","variables are collinear"
"2","variables are collinear"
"2","variables are collinear"
"2","variables are collinear"
"2","variables are collinear"
"2","variables are collinear"
"2","variables are collinear"
"2","variables are collinear"
"2","variables are collinear"
"2","variables are collinear"
"2","variables are collinear"
"2","variables are collinear"
"2","variables are collinear"
"2","variables are collinear"
"2","variables are collinear"
"2","variables are collinear"
"2","variables are collinear"
"2","variables are collinear"
"2","variables are collinear"
"2","variables are collinear"
"2","variables are collinear"
"2","variables are collinear"
"2","variables are collinear"
"2","variables are collinear"
"2","variables are collinear"
"2","variables are collinear"
"0","names(fit) <- model"
"0","#################################################################"
"0","#Predict test set from train fits#"
"0","pred <- sapply(fit, function(fit){"
"0","  predict(fit,test)"
"0","})"
"0","#################################################################"
"0","#Create confusion vector#"
"0","c <- c(1:ncol(pred))"
"0","confusionvector <- sapply(c, function(c){"
"0","  confusionMatrix(factor(pred[,c]), test$Dataset)$overall[""Accuracy""]"
"0","})"
"2","Levels are not in the same order for reference and data. Refactoring data to match."
"2","Levels are not in the same order for reference and data. Refactoring data to match."
"2","Levels are not in the same order for reference and data. Refactoring data to match."
"2","Levels are not in the same order for reference and data. Refactoring data to match."
"0","# mean(confusionvector)"
"0","cv = data.frame(Model=model, Accuracy=confusionvector)"
"0","#################################################################"
"0","#Select majority vote#"
"0","c2 <- c(1:nrow(test))"
"0","mv <- sapply(c2, function(c2){"
"0","  m <- majorityVote(pred[c2,])"
"0","  m$majority"
"0","})"
"0","pred <- cbind(pred,mv)"
"0","#################################################################"
"0","#Create confusion matrix using majority vote#"
"0","cm <- confusionMatrix(factor(pred[,ncol(pred)]), test$Dataset)$overall[""Accuracy""]"
"2","Levels are not in the same order for reference and data. Refactoring data to match."
"0","# cm"
