"0","#################################################################"
"0","###Train using PCA train set###"
"0","pca_model <- c(""svmLinear"", ""gbm"", ""svmRadial"", ""svmRadialCost"", "
"0","           ""svmRadialSigma"")"
"0","set.seed(1)"
"0","pca_fit <- lapply(pca_model, function(pca_model){"
"0","  print(pca_model)"
"0","  train(Dataset ~ ., method = pca_model, data = pca_train)"
"0","})"
"1","[1]"
"1"," ""svmLinear"""
"1","
"
"1","[1]"
"1"," ""gbm"""
"1","
"
"1","Iter   TrainDeviance   ValidDeviance   StepSize   Improve
"
"1","     1        1.1058             nan     0.1000    0.0151
"
"1","     2        1.0770             nan     0.1000    0.0097
"
"1","     3        1.0572             nan     0.1000    0.0091
"
"1","     4        1.0333             nan     0.1000    0.0076
"
"1","     5        1.0164             nan     0.1000    0.0044
"
"1","     6        1.0029             nan     0.1000    0.0068
"
"1","     7        0.9922             nan     0.1000    0.0036
"
"1","     8        0.9771             nan     0.1000    0.0070
"
"1","     9        0.9655             nan     0.1000    0.0041
"
"1","    10        0.9584             nan     0.1000    0.0007
"
"1","    20        0.8747             nan     0.1000   -0.0031
"
"1","    40        0.7773             nan     0.1000    0.0014
"
"1","    60        0.7231             nan     0.1000   -0.0036
"
"1","    80        0.6754             nan     0.1000   -0.0033
"
"1","   100        0.6368             nan     0.1000   -0.0024
"
"1","   120        0.6014             nan     0.1000   -0.0001
"
"1","   140        0.5690             nan     0.1000   -0.0002
"
"1","   150        0.5542             nan     0.1000   -0.0010
"
"1","
"
"1","Iter   TrainDeviance   ValidDeviance   StepSize   Improve
"
"1","     1        1.1005             nan     0.1000    0.0098
"
"1","     2        1.0587             nan     0.1000    0.0209
"
"1","     3        1.0250             nan     0.1000    0.0166
"
"1","     4        0.9948             nan     0.1000    0.0133
"
"1","     5        0.9521             nan     0.1000    0.0158
"
"1","     6        0.9321             nan     0.1000    0.0094
"
"1","     7        0.9112             nan     0.1000    0.0071
"
"1","     8        0.8877             nan     0.1000    0.0033
"
"1","     9        0.8645             nan     0.1000    0.0091
"
"1","    10        0.8476             nan     0.1000    0.0043
"
"1","    20        0.7343             nan     0.1000    0.0022
"
"1","    40        0.6098             nan     0.1000    0.0017
"
"1","    60        0.5269             nan     0.1000   -0.0032
"
"1","    80        0.4634             nan     0.1000   -0.0012
"
"1","   100        0.4092             nan     0.1000   -0.0026
"
"1","   120        0.3641             nan     0.1000   -0.0022
"
"1","   140        0.3254             nan     0.1000   -0.0041
"
"1","   150        0.3086             nan     0.1000   -0.0008
"
"1","
"
"1","Iter   TrainDeviance   ValidDeviance   StepSize   Improve
"
"1","     1        1.0857             nan     0.1000    0.0208
"
"1","     2        1.0319             nan     0.1000    0.0254
"
"1","     3        0.9980             nan     0.1000    0.0146
"
"1","     4        0.9648             nan     0.1000    0.0142
"
"1","     5        0.9353             nan     0.1000    0.0123
"
"1","     6        0.8877             nan     0.1000    0.0121
"
"1","     7        0.8603             nan     0.1000    0.0088
"
"1","     8        0.8369             nan     0.1000    0.0046
"
"1","     9        0.8196             nan     0.1000    0.0054
"
"1","    10        0.8068             nan     0.1000    0.0016
"
"1","    20        0.6730             nan     0.1000   -0.0018
"
"1","    40        0.5163             nan     0.1000    0.0008
"
"1","    60        0.4151             nan     0.1000   -0.0021
"
"1","    80        0.3471             nan     0.1000   -0.0009
"
"1","   100        0.2894             nan     0.1000   -0.0019
"
"1","   120        0.2466             nan     0.1000   -0.0003
"
"1","   140        0.2062             nan     0.1000   -0.0004
"
"1","   150        0.1911             nan     0.1000   -0.0006
"
"1","
"
"1","Iter   TrainDeviance   ValidDeviance   StepSize   Improve
"
"1","     1        1.1430             nan     0.1000    0.0144
"
"1","     2        1.1140             nan     0.1000    0.0115
"
"1","     3        1.0909             nan     0.1000    0.0089
"
"1","     4        1.0764             nan     0.1000    0.0035
"
"1","     5        1.0580             nan     0.1000    0.0077
"
"1","     6        1.0434             nan     0.1000    0.0055
"
"1","     7        1.0316             nan     0.1000    0.0043
"
"1","     8        1.0199             nan     0.1000    0.0023
"
"1","     9        1.0090             nan     0.1000    0.0012
"
"1","    10        1.0011             nan     0.1000   -0.0004
"
"1","    20        0.9211             nan     0.1000    0.0006
"
"1","    40        0.8107             nan     0.1000    0.0001
"
"1","    60        0.7522             nan     0.1000   -0.0008
"
"1","    80        0.7041             nan     0.1000   -0.0038
"
"1","   100        0.6708             nan     0.1000   -0.0010
"
"1","   120        0.6386             nan     0.1000   -0.0018
"
"1","   140        0.6074             nan     0.1000   -0.0009
"
"1","   150        0.5963             nan     0.1000   -0.0007
"
"1","
"
"1","Iter   TrainDeviance   ValidDeviance   StepSize   Improve
"
"1","     1        1.1345             nan     0.1000    0.0216
"
"1","     2        1.0926             nan     0.1000    0.0170
"
"1","     3        1.0620             nan     0.1000    0.0140
"
"1","     4        1.0262             nan     0.1000    0.0060
"
"1","     5        0.9963             nan     0.1000    0.0110
"
"1","     6        0.9775             nan     0.1000    0.0072
"
"1","     7        0.9550             nan     0.1000    0.0040
"
"1","     8        0.9343             nan     0.1000    0.0051
"
"1","     9        0.9209             nan     0.1000    0.0016
"
"1","    10        0.9023             nan     0.1000    0.0032
"
"1","    20        0.7806             nan     0.1000    0.0010
"
"1","    40        0.6416             nan     0.1000    0.0011
"
"1","    60        0.5495             nan     0.1000   -0.0018
"
"1","    80        0.4789             nan     0.1000   -0.0008
"
"1","   100        0.4328             nan     0.1000   -0.0011
"
"1","   120        0.3946             nan     0.1000   -0.0008
"
"1","   140        0.3545             nan     0.1000   -0.0006
"
"1","   150        0.3352             nan     0.1000    0.0004
"
"1","
"
"1","Iter   TrainDeviance   ValidDeviance   StepSize   Improve
"
"1","     1        1.1277             nan     0.1000    0.0232
"
"1","     2        1.0858             nan     0.1000    0.0122
"
"1","     3        1.0489             nan     0.1000    0.0109
"
"1","     4        1.0052             nan     0.1000    0.0188
"
"1","     5        0.9649             nan     0.1000    0.0131
"
"1","     6        0.9323             nan     0.1000    0.0152
"
"1","     7        0.9099             nan     0.1000    0.0059
"
"1","     8        0.8923             nan     0.1000    0.0029
"
"1","     9        0.8641             nan     0.1000    0.0082
"
"1","    10        0.8491             nan     0.1000    0.0020
"
"1","    20        0.7090             nan     0.1000    0.0022
"
"1","    40        0.5302             nan     0.1000   -0.0007
"
"1","    60        0.4295             nan     0.1000   -0.0038
"
"1","    80        0.3629             nan     0.1000   -0.0015
"
"1","   100        0.3051             nan     0.1000   -0.0009
"
"1","   120        0.2633             nan     0.1000   -0.0012
"
"1","   140        0.2275             nan     0.1000   -0.0021
"
"1","   150        0.2119             nan     0.1000   -0.0007
"
"1","
"
"1","Iter   TrainDeviance   ValidDeviance   StepSize   Improve
"
"1","     1        1.2437             nan     0.1000    0.0180
"
"1","     2        1.2084             nan     0.1000    0.0141
"
"1","     3        1.1664             nan     0.1000    0.0191
"
"1","     4        1.1383             nan     0.1000    0.0128
"
"1","     5        1.1098             nan     0.1000    0.0118
"
"1","     6        1.0966             nan     0.1000    0.0058
"
"1","     7        1.0757             nan     0.1000    0.0090
"
"1","     8        1.0564             nan     0.1000    0.0073
"
"1","     9        1.0413             nan     0.1000    0.0063
"
"1","    10        1.0276             nan     0.1000    0.0046
"
"1","    20        0.9272             nan     0.1000    0.0034
"
"1","    40        0.8099             nan     0.1000   -0.0004
"
"1","    60        0.7475             nan     0.1000   -0.0013
"
"1","    80        0.7043             nan     0.1000   -0.0017
"
"1","   100        0.6712             nan     0.1000   -0.0009
"
"1","   120        0.6368             nan     0.1000   -0.0007
"
"1","   140        0.6076             nan     0.1000   -0.0010
"
"1","   150        0.5940             nan     0.1000   -0.0017
"
"1","
"
"1","Iter   TrainDeviance   ValidDeviance   StepSize   Improve
"
"1","     1        1.2207             nan     0.1000    0.0240
"
"1","     2        1.1689             nan     0.1000    0.0187
"
"1","     3        1.1274             nan     0.1000    0.0169
"
"1","     4        1.0850             nan     0.1000    0.0150
"
"1","     5        1.0499             nan     0.1000    0.0136
"
"1","     6        1.0272             nan     0.1000    0.0064
"
"1","     7        1.0008             nan     0.1000    0.0098
"
"1","     8        0.9813             nan     0.1000    0.0073
"
"1","     9        0.9668             nan     0.1000    0.0014
"
"1","    10        0.9449             nan     0.1000    0.0052
"
"1","    20        0.8041             nan     0.1000    0.0013
"
"1","    40        0.6709             nan     0.1000   -0.0001
"
"1","    60        0.5861             nan     0.1000   -0.0019
"
"1","    80        0.5112             nan     0.1000   -0.0015
"
"1","   100        0.4495             nan     0.1000   -0.0019
"
"1","   120        0.4056             nan     0.1000   -0.0024
"
"1","   140        0.3652             nan     0.1000   -0.0011
"
"1","   150        0.3491             nan     0.1000   -0.0016
"
"1","
"
"1","Iter   TrainDeviance   ValidDeviance   StepSize   Improve
"
"1","     1        1.2225             nan     0.1000    0.0252
"
"1","     2        1.1673             nan     0.1000    0.0241
"
"1","     3        1.1133             nan     0.1000    0.0265
"
"1","     4        1.0659             nan     0.1000    0.0176
"
"1","     5        1.0291             nan     0.1000    0.0156
"
"1","     6        0.9872             nan     0.1000    0.0159
"
"1","     7        0.9541             nan     0.1000    0.0139
"
"1","     8        0.9274             nan     0.1000    0.0114
"
"1","     9        0.9062             nan     0.1000    0.0077
"
"1","    10        0.8910             nan     0.1000   -0.0019
"
"1","    20        0.7387             nan     0.1000    0.0032
"
"1","    40        0.5602             nan     0.1000    0.0012
"
"1","    60        0.4628             nan     0.1000   -0.0011
"
"1","    80        0.3802             nan     0.1000   -0.0001
"
"1","   100        0.3256             nan     0.1000   -0.0011
"
"1","   120        0.2804             nan     0.1000   -0.0023
"
"1","   140        0.2409             nan     0.1000   -0.0013
"
"1","   150        0.2284             nan     0.1000   -0.0015
"
"1","
"
"1","Iter   TrainDeviance   ValidDeviance   StepSize   Improve
"
"1","     1        1.2238             nan     0.1000    0.0071
"
"1","     2        1.1980             nan     0.1000    0.0070
"
"1","     3        1.1763             nan     0.1000    0.0107
"
"1","     4        1.1560             nan     0.1000    0.0033
"
"1","     5        1.1383             nan     0.1000    0.0052
"
"1","     6        1.1214             nan     0.1000    0.0070
"
"1","     7        1.1136             nan     0.1000    0.0023
"
"1","     8        1.1020             nan     0.1000    0.0036
"
"1","     9        1.0916             nan     0.1000    0.0032
"
"1","    10        1.0821             nan     0.1000    0.0028
"
"1","    20        1.0039             nan     0.1000    0.0013
"
"1","    40        0.9058             nan     0.1000    0.0010
"
"1","    60        0.8288             nan     0.1000   -0.0009
"
"1","    80        0.7783             nan     0.1000   -0.0030
"
"1","   100        0.7315             nan     0.1000   -0.0002
"
"1","   120        0.6937             nan     0.1000   -0.0011
"
"1","   140        0.6575             nan     0.1000   -0.0000
"
"1","   150        0.6436             nan     0.1000    0.0001
"
"1","
"
"1","Iter   TrainDeviance   ValidDeviance   StepSize   Improve
"
"1","     1        1.2182             nan     0.1000    0.0160
"
"1","     2        1.1856             nan     0.1000    0.0119
"
"1","     3        1.1465             nan     0.1000    0.0113
"
"1","     4        1.1188             nan     0.1000    0.0067
"
"1","     5        1.0908             nan     0.1000    0.0076
"
"1","     6        1.0750             nan     0.1000    0.0028
"
"1","     7        1.0449             nan     0.1000    0.0104
"
"1","     8        1.0280             nan     0.1000    0.0046
"
"1","     9        1.0160             nan     0.1000    0.0039
"
"1","    10        1.0001             nan     0.1000    0.0040
"
"1","    20        0.8605             nan     0.1000   -0.0008
"
"1","    40        0.7106             nan     0.1000   -0.0012
"
"1","    60        0.6152             nan     0.1000   -0.0019
"
"1","    80        0.5364             nan     0.1000    0.0001
"
"1","   100        0.4751             nan     0.1000   -0.0005
"
"1","   120        0.4313             nan     0.1000   -0.0020
"
"1","   140        0.3872             nan     0.1000   -0.0008
"
"1","   150        0.3671             nan     0.1000   -0.0008
"
"1","
"
"1","Iter   TrainDeviance   ValidDeviance   StepSize   Improve
"
"1","     1        1.2073             nan     0.1000    0.0192
"
"1","     2        1.1625             nan     0.1000    0.0114
"
"1","     3        1.1181             nan     0.1000    0.0188
"
"1","     4        1.0834             nan     0.1000    0.0127
"
"1","     5        1.0562             nan     0.1000    0.0116
"
"1","     6        1.0265             nan     0.1000    0.0032
"
"1","     7        0.9989             nan     0.1000    0.0085
"
"1","     8        0.9850             nan     0.1000    0.0016
"
"1","     9        0.9661             nan     0.1000    0.0047
"
"1","    10        0.9303             nan     0.1000    0.0099
"
"1","    20        0.7711             nan     0.1000    0.0007
"
"1","    40        0.5809             nan     0.1000   -0.0017
"
"1","    60        0.4675             nan     0.1000   -0.0004
"
"1","    80        0.3962             nan     0.1000   -0.0022
"
"1","   100        0.3303             nan     0.1000   -0.0030
"
"1","   120        0.2804             nan     0.1000   -0.0023
"
"1","   140        0.2386             nan     0.1000   -0.0010
"
"1","   150        0.2217             nan     0.1000   -0.0009
"
"1","
"
"1","Iter   TrainDeviance   ValidDeviance   StepSize   Improve
"
"1","     1        1.1135             nan     0.1000    0.0167
"
"1","     2        1.0880             nan     0.1000    0.0120
"
"1","     3        1.0744             nan     0.1000    0.0049
"
"1","     4        1.0572             nan     0.1000    0.0074
"
"1","     5        1.0368             nan     0.1000    0.0088
"
"1","     6        1.0202             nan     0.1000    0.0074
"
"1","     7        1.0063             nan     0.1000    0.0061
"
"1","     8        0.9963             nan     0.1000    0.0027
"
"1","     9        0.9850             nan     0.1000    0.0031
"
"1","    10        0.9732             nan     0.1000    0.0032
"
"1","    20        0.8968             nan     0.1000    0.0008
"
"1","    40        0.8199             nan     0.1000    0.0002
"
"1","    60        0.7612             nan     0.1000   -0.0008
"
"1","    80        0.7144             nan     0.1000   -0.0017
"
"1","   100        0.6728             nan     0.1000   -0.0012
"
"1","   120        0.6385             nan     0.1000    0.0004
"
"1","   140        0.6118             nan     0.1000   -0.0008
"
"1","   150        0.5966             nan     0.1000   -0.0012
"
"1","
"
"1","Iter   TrainDeviance   ValidDeviance   StepSize   Improve
"
"1","     1        1.1118             nan     0.1000    0.0207
"
"1","     2        1.0821             nan     0.1000    0.0117
"
"1","     3        1.0481             nan     0.1000    0.0083
"
"1","     4        1.0229             nan     0.1000    0.0079
"
"1","     5        0.9973             nan     0.1000    0.0098
"
"1","     6        0.9768             nan     0.1000    0.0068
"
"1","     7        0.9561             nan     0.1000    0.0040
"
"1","     8        0.9398             nan     0.1000    0.0052
"
"1","     9        0.9265             nan     0.1000    0.0018
"
"1","    10        0.9124             nan     0.1000    0.0018
"
"1","    20        0.8048             nan     0.1000   -0.0036
"
"1","    40        0.6668             nan     0.1000   -0.0006
"
"1","    60        0.5872             nan     0.1000   -0.0020
"
"1","    80        0.5085             nan     0.1000    0.0004
"
"1","   100        0.4541             nan     0.1000   -0.0016
"
"1","   120        0.4102             nan     0.1000   -0.0020
"
"1","   140        0.3683             nan     0.1000   -0.0014
"
"1","   150        0.3417             nan     0.1000   -0.0005
"
"1","
"
"1","Iter   TrainDeviance   ValidDeviance   StepSize   Improve
"
"1","     1        1.0874             nan     0.1000    0.0194
"
"1","     2        1.0496             nan     0.1000    0.0164
"
"1","     3        1.0160             nan     0.1000    0.0105
"
"1","     4        0.9756             nan     0.1000    0.0182
"
"1","     5        0.9498             nan     0.1000    0.0098
"
"1","     6        0.9214             nan     0.1000    0.0077
"
"1","     7        0.9052             nan     0.1000    0.0029
"
"1","     8        0.8762             nan     0.1000    0.0125
"
"1","     9        0.8580             nan     0.1000    0.0051
"
"1","    10        0.8398             nan     0.1000    0.0042
"
"1","    20        0.6972             nan     0.1000   -0.0022
"
"1","    40        0.5456             nan     0.1000   -0.0033
"
"1","    60        0.4394             nan     0.1000   -0.0004
"
"1","    80        0.3666             nan     0.1000   -0.0012
"
"1","   100        0.3045             nan     0.1000   -0.0003
"
"1","   120        0.2551             nan     0.1000   -0.0010
"
"1","   140        0.2163             nan     0.1000   -0.0008
"
"1","   150        0.1982             nan     0.1000   -0.0008
"
"1","
"
"1","Iter   TrainDeviance   ValidDeviance   StepSize   Improve
"
"1","     1        1.1820             nan     0.1000    0.0092
"
"1","     2        1.1623             nan     0.1000    0.0076
"
"1","     3        1.1456             nan     0.1000    0.0055
"
"1","     4        1.1302             nan     0.1000    0.0062
"
"1","     5        1.1138             nan     0.1000    0.0053
"
"1","     6        1.1035             nan     0.1000    0.0023
"
"1","     7        1.0883             nan     0.1000    0.0042
"
"1","     8        1.0793             nan     0.1000    0.0030
"
"1","     9        1.0683             nan     0.1000    0.0034
"
"1","    10        1.0555             nan     0.1000    0.0048
"
"1","    20        0.9693             nan     0.1000    0.0034
"
"1","    40        0.8799             nan     0.1000    0.0005
"
"1","    60        0.8236             nan     0.1000    0.0006
"
"1","    80        0.7825             nan     0.1000   -0.0015
"
"1","   100        0.7464             nan     0.1000   -0.0006
"
"1","   120        0.7081             nan     0.1000   -0.0018
"
"1","   140        0.6794             nan     0.1000   -0.0011
"
"1","   150        0.6686             nan     0.1000   -0.0014
"
"1","
"
"1","Iter   TrainDeviance   ValidDeviance   StepSize   Improve
"
"1","     1        1.1743             nan     0.1000    0.0117
"
"1","     2        1.1321             nan     0.1000    0.0100
"
"1","     3        1.1052             nan     0.1000    0.0105
"
"1","     4        1.0855             nan     0.1000    0.0048
"
"1","     5        1.0623             nan     0.1000    0.0072
"
"1","     6        1.0379             nan     0.1000    0.0083
"
"1","     7        1.0214             nan     0.1000    0.0063
"
"1","     8        1.0088             nan     0.1000    0.0026
"
"1","     9        0.9885             nan     0.1000    0.0045
"
"1","    10        0.9720             nan     0.1000    0.0054
"
"1","    20        0.8602             nan     0.1000    0.0001
"
"1","    40        0.7343             nan     0.1000   -0.0001
"
"1","    60        0.6310             nan     0.1000    0.0006
"
"1","    80        0.5613             nan     0.1000   -0.0016
"
"1","   100        0.4991             nan     0.1000   -0.0013
"
"1","   120        0.4542             nan     0.1000   -0.0012
"
"1","   140        0.4120             nan     0.1000   -0.0016
"
"1","   150        0.3885             nan     0.1000   -0.0005
"
"1","
"
"1","Iter   TrainDeviance   ValidDeviance   StepSize   Improve
"
"1","     1        1.1585             nan     0.1000    0.0124
"
"1","     2        1.1094             nan     0.1000    0.0134
"
"1","     3        1.0822             nan     0.1000    0.0069
"
"1","     4        1.0492             nan     0.1000    0.0101
"
"1","     5        1.0245             nan     0.1000    0.0095
"
"1","     6        1.0051             nan     0.1000    0.0049
"
"1","     7        0.9789             nan     0.1000    0.0079
"
"1","     8        0.9608             nan     0.1000    0.0039
"
"1","     9        0.9519             nan     0.1000   -0.0004
"
"1","    10        0.9298             nan     0.1000    0.0011
"
"1","    20        0.7957             nan     0.1000    0.0010
"
"1","    40        0.6182             nan     0.1000    0.0004
"
"1","    60        0.5127             nan     0.1000   -0.0027
"
"1","    80        0.4221             nan     0.1000   -0.0010
"
"1","   100        0.3632             nan     0.1000   -0.0019
"
"1","   120        0.3053             nan     0.1000   -0.0023
"
"1","   140        0.2654             nan     0.1000   -0.0008
"
"1","   150        0.2461             nan     0.1000   -0.0011
"
"1","
"
"1","Iter   TrainDeviance   ValidDeviance   StepSize   Improve
"
"1","     1        1.1271             nan     0.1000    0.0173
"
"1","     2        1.0953             nan     0.1000    0.0152
"
"1","     3        1.0695             nan     0.1000    0.0104
"
"1","     4        1.0564             nan     0.1000    0.0064
"
"1","     5        1.0390             nan     0.1000    0.0037
"
"1","     6        1.0223             nan     0.1000    0.0079
"
"1","     7        1.0057             nan     0.1000    0.0059
"
"1","     8        0.9959             nan     0.1000    0.0012
"
"1","     9        0.9913             nan     0.1000   -0.0018
"
"1","    10        0.9837             nan     0.1000    0.0013
"
"1","    20        0.8983             nan     0.1000    0.0023
"
"1","    40        0.8097             nan     0.1000   -0.0003
"
"1","    60        0.7592             nan     0.1000    0.0009
"
"1","    80        0.7123             nan     0.1000    0.0007
"
"1","   100        0.6773             nan     0.1000   -0.0002
"
"1","   120        0.6472             nan     0.1000   -0.0012
"
"1","   140        0.6147             nan     0.1000   -0.0027
"
"1","   150        0.5956             nan     0.1000    0.0005
"
"1","
"
"1","Iter   TrainDeviance   ValidDeviance   StepSize   Improve
"
"1","     1        1.1179             nan     0.1000    0.0172
"
"1","     2        1.0850             nan     0.1000    0.0108
"
"1","     3        1.0552             nan     0.1000    0.0111
"
"1","     4        1.0196             nan     0.1000    0.0147
"
"1","     5        0.9987             nan     0.1000    0.0056
"
"1","     6        0.9818             nan     0.1000    0.0039
"
"1","     7        0.9552             nan     0.1000    0.0117
"
"1","     8        0.9272             nan     0.1000    0.0106
"
"1","     9        0.9132             nan     0.1000    0.0042
"
"1","    10        0.8966             nan     0.1000    0.0021
"
"1","    20        0.7799             nan     0.1000    0.0014
"
"1","    40        0.6521             nan     0.1000   -0.0030
"
"1","    60        0.5563             nan     0.1000   -0.0023
"
"1","    80        0.4967             nan     0.1000   -0.0006
"
"1","   100        0.4268             nan     0.1000   -0.0007
"
"1","   120        0.3694             nan     0.1000    0.0002
"
"1","   140        0.3325             nan     0.1000    0.0003
"
"1","   150        0.3178             nan     0.1000   -0.0007
"
"1","
"
"1","Iter   TrainDeviance   ValidDeviance   StepSize   Improve
"
"1","     1        1.1111             nan     0.1000    0.0213
"
"1","     2        1.0591             nan     0.1000    0.0238
"
"1","     3        1.0171             nan     0.1000    0.0117
"
"1","     4        0.9796             nan     0.1000    0.0109
"
"1","     5        0.9465             nan     0.1000    0.0108
"
"1","     6        0.9249             nan     0.1000    0.0080
"
"1","     7        0.9033             nan     0.1000    0.0047
"
"1","     8        0.8780             nan     0.1000    0.0066
"
"1","     9        0.8561             nan     0.1000    0.0054
"
"1","    10        0.8443             nan     0.1000    0.0007
"
"1","    20        0.7084             nan     0.1000   -0.0003
"
"1","    40        0.5302             nan     0.1000   -0.0014
"
"1","    60        0.4242             nan     0.1000   -0.0027
"
"1","    80        0.3480             nan     0.1000   -0.0009
"
"1","   100        0.2994             nan     0.1000   -0.0020
"
"1","   120        0.2535             nan     0.1000   -0.0011
"
"1","   140        0.2063             nan     0.1000   -0.0004
"
"1","   150        0.1923             nan     0.1000   -0.0015
"
"1","
"
"1","Iter   TrainDeviance   ValidDeviance   StepSize   Improve
"
"1","     1        1.1590             nan     0.1000    0.0066
"
"1","     2        1.1327             nan     0.1000    0.0107
"
"1","     3        1.1092             nan     0.1000    0.0109
"
"1","     4        1.0928             nan     0.1000    0.0052
"
"1","     5        1.0729             nan     0.1000    0.0080
"
"1","     6        1.0638             nan     0.1000    0.0002
"
"1","     7        1.0501             nan     0.1000    0.0058
"
"1","     8        1.0335             nan     0.1000    0.0050
"
"1","     9        1.0182             nan     0.1000    0.0035
"
"1","    10        1.0051             nan     0.1000    0.0023
"
"1","    20        0.9194             nan     0.1000    0.0027
"
"1","    40        0.8312             nan     0.1000   -0.0034
"
"1","    60        0.7598             nan     0.1000   -0.0010
"
"1","    80        0.7150             nan     0.1000   -0.0008
"
"1","   100        0.6699             nan     0.1000   -0.0014
"
"1","   120        0.6397             nan     0.1000   -0.0008
"
"1","   140        0.6068             nan     0.1000   -0.0007
"
"1","   150        0.5909             nan     0.1000   -0.0001
"
"1","
"
"1","Iter   TrainDeviance   ValidDeviance   StepSize   Improve
"
"1","     1        1.1369             nan     0.1000    0.0154
"
"1","     2        1.1150             nan     0.1000    0.0025
"
"1","     3        1.0771             nan     0.1000    0.0161
"
"1","     4        1.0352             nan     0.1000    0.0137
"
"1","     5        1.0113             nan     0.1000    0.0085
"
"1","     6        0.9937             nan     0.1000    0.0061
"
"1","     7        0.9763             nan     0.1000    0.0050
"
"1","     8        0.9567             nan     0.1000    0.0066
"
"1","     9        0.9406             nan     0.1000    0.0039
"
"1","    10        0.9287             nan     0.1000    0.0043
"
"1","    20        0.7979             nan     0.1000    0.0032
"
"1","    40        0.6485             nan     0.1000   -0.0006
"
"1","    60        0.5309             nan     0.1000   -0.0016
"
"1","    80        0.4604             nan     0.1000   -0.0010
"
"1","   100        0.4048             nan     0.1000   -0.0021
"
"1","   120        0.3590             nan     0.1000   -0.0017
"
"1","   140        0.3190             nan     0.1000   -0.0013
"
"1","   150        0.3061             nan     0.1000   -0.0004
"
"1","
"
"1","Iter   TrainDeviance   ValidDeviance   StepSize   Improve
"
"1","     1        1.1244             nan     0.1000    0.0188
"
"1","     2        1.0869             nan     0.1000    0.0183
"
"1","     3        1.0448             nan     0.1000    0.0188
"
"1","     4        1.0134             nan     0.1000    0.0068
"
"1","     5        0.9758             nan     0.1000    0.0165
"
"1","     6        0.9507             nan     0.1000    0.0081
"
"1","     7        0.9224             nan     0.1000    0.0101
"
"1","     8        0.9070             nan     0.1000    0.0052
"
"1","     9        0.8857             nan     0.1000    0.0070
"
"1","    10        0.8637             nan     0.1000    0.0081
"
"1","    20        0.7144             nan     0.1000   -0.0005
"
"1","    40        0.5309             nan     0.1000   -0.0026
"
"1","    60        0.4275             nan     0.1000   -0.0031
"
"1","    80        0.3549             nan     0.1000   -0.0011
"
"1","   100        0.2928             nan     0.1000    0.0002
"
"1","   120        0.2469             nan     0.1000   -0.0012
"
"1","   140        0.2121             nan     0.1000   -0.0011
"
"1","   150        0.1941             nan     0.1000   -0.0002
"
"1","
"
"1","Iter   TrainDeviance   ValidDeviance   StepSize   Improve
"
"1","     1        1.1738             nan     0.1000    0.0138
"
"1","     2        1.1556             nan     0.1000    0.0068
"
"1","     3        1.1334             nan     0.1000    0.0091
"
"1","     4        1.1133             nan     0.1000    0.0081
"
"1","     5        1.0985             nan     0.1000    0.0033
"
"1","     6        1.0810             nan     0.1000    0.0074
"
"1","     7        1.0643             nan     0.1000    0.0067
"
"1","     8        1.0540             nan     0.1000    0.0040
"
"1","     9        1.0425             nan     0.1000    0.0022
"
"1","    10        1.0330             nan     0.1000    0.0024
"
"1","    20        0.9505             nan     0.1000   -0.0017
"
"1","    40        0.8565             nan     0.1000    0.0007
"
"1","    60        0.7825             nan     0.1000   -0.0002
"
"1","    80        0.7412             nan     0.1000   -0.0003
"
"1","   100        0.7004             nan     0.1000   -0.0009
"
"1","   120        0.6725             nan     0.1000   -0.0000
"
"1","   140        0.6455             nan     0.1000   -0.0007
"
"1","   150        0.6303             nan     0.1000   -0.0024
"
"1","
"
"1","Iter   TrainDeviance   ValidDeviance   StepSize   Improve
"
"1","     1        1.1703             nan     0.1000    0.0166
"
"1","     2        1.1289             nan     0.1000    0.0164
"
"1","     3        1.0934             nan     0.1000    0.0118
"
"1","     4        1.0705             nan     0.1000    0.0089
"
"1","     5        1.0437             nan     0.1000    0.0082
"
"1","     6        1.0229             nan     0.1000    0.0062
"
"1","     7        1.0015             nan     0.1000    0.0013
"
"1","     8        0.9867             nan     0.1000   -0.0018
"
"1","     9        0.9702             nan     0.1000    0.0034
"
"1","    10        0.9503             nan     0.1000    0.0053
"
"1","    20        0.8156             nan     0.1000    0.0022
"
"1","    40        0.6710             nan     0.1000   -0.0005
"
"1","    60        0.5753             nan     0.1000   -0.0016
"
"1","    80        0.5013             nan     0.1000   -0.0031
"
"1","   100        0.4399             nan     0.1000   -0.0015
"
"1","   120        0.3927             nan     0.1000   -0.0019
"
"1","   140        0.3490             nan     0.1000   -0.0019
"
"1","   150        0.3307             nan     0.1000   -0.0027
"
"1","
"
"1","Iter   TrainDeviance   ValidDeviance   StepSize   Improve
"
"1","     1        1.1472             nan     0.1000    0.0228
"
"1","     2        1.1030             nan     0.1000    0.0176
"
"1","     3        1.0517             nan     0.1000    0.0211
"
"1","     4        1.0278             nan     0.1000    0.0030
"
"1","     5        1.0047             nan     0.1000    0.0047
"
"1","     6        0.9780             nan     0.1000    0.0027
"
"1","     7        0.9468             nan     0.1000    0.0130
"
"1","     8        0.9171             nan     0.1000    0.0076
"
"1","     9        0.8884             nan     0.1000    0.0086
"
"1","    10        0.8682             nan     0.1000    0.0079
"
"1","    20        0.7245             nan     0.1000    0.0041
"
"1","    40        0.5507             nan     0.1000    0.0007
"
"1","    60        0.4408             nan     0.1000   -0.0009
"
"1","    80        0.3654             nan     0.1000   -0.0009
"
"1","   100        0.3044             nan     0.1000   -0.0010
"
"1","   120        0.2565             nan     0.1000   -0.0002
"
"1","   140        0.2150             nan     0.1000   -0.0012
"
"1","   150        0.1981             nan     0.1000   -0.0001
"
"1","
"
"1","Iter   TrainDeviance   ValidDeviance   StepSize   Improve
"
"1","     1        1.1583             nan     0.1000    0.0149
"
"1","     2        1.1246             nan     0.1000    0.0140
"
"1","     3        1.1033             nan     0.1000    0.0097
"
"1","     4        1.0768             nan     0.1000    0.0128
"
"1","     5        1.0520             nan     0.1000    0.0095
"
"1","     6        1.0364             nan     0.1000    0.0043
"
"1","     7        1.0252             nan     0.1000   -0.0001
"
"1","     8        1.0058             nan     0.1000    0.0068
"
"1","     9        1.0005             nan     0.1000   -0.0006
"
"1","    10        0.9875             nan     0.1000    0.0054
"
"1","    20        0.9002             nan     0.1000    0.0000
"
"1","    40        0.8084             nan     0.1000   -0.0027
"
"1","    60        0.7550             nan     0.1000   -0.0005
"
"1","    80        0.7154             nan     0.1000   -0.0011
"
"1","   100        0.6715             nan     0.1000   -0.0031
"
"1","   120        0.6376             nan     0.1000   -0.0007
"
"1","   140        0.6047             nan     0.1000    0.0001
"
"1","   150        0.5900             nan     0.1000   -0.0020
"
"1","
"
"1","Iter   TrainDeviance   ValidDeviance   StepSize   Improve
"
"1","     1        1.1312             nan     0.1000    0.0321
"
"1","     2        1.0931             nan     0.1000    0.0115
"
"1","     3        1.0565             nan     0.1000    0.0163
"
"1","     4        1.0237             nan     0.1000    0.0111
"
"1","     5        0.9938             nan     0.1000    0.0102
"
"1","     6        0.9722             nan     0.1000    0.0034
"
"1","     7        0.9498             nan     0.1000    0.0071
"
"1","     8        0.9361             nan     0.1000    0.0038
"
"1","     9        0.9189             nan     0.1000    0.0028
"
"1","    10        0.9026             nan     0.1000    0.0038
"
"1","    20        0.7787             nan     0.1000    0.0032
"
"1","    40        0.6444             nan     0.1000    0.0006
"
"1","    60        0.5580             nan     0.1000   -0.0010
"
"1","    80        0.4907             nan     0.1000   -0.0008
"
"1","   100        0.4434             nan     0.1000   -0.0033
"
"1","   120        0.4001             nan     0.1000   -0.0022
"
"1","   140        0.3598             nan     0.1000   -0.0013
"
"1","   150        0.3430             nan     0.1000   -0.0011
"
"1","
"
"1","Iter   TrainDeviance   ValidDeviance   StepSize   Improve
"
"1","     1        1.1268             nan     0.1000    0.0259
"
"1","     2        1.0757             nan     0.1000    0.0187
"
"1","     3        1.0401             nan     0.1000    0.0161
"
"1","     4        1.0088             nan     0.1000    0.0131
"
"1","     5        0.9817             nan     0.1000    0.0102
"
"1","     6        0.9567             nan     0.1000    0.0114
"
"1","     7        0.9360             nan     0.1000    0.0050
"
"1","     8        0.9209             nan     0.1000    0.0050
"
"1","     9        0.9049             nan     0.1000    0.0028
"
"1","    10        0.8858             nan     0.1000    0.0048
"
"1","    20        0.7265             nan     0.1000    0.0023
"
"1","    40        0.5444             nan     0.1000   -0.0011
"
"1","    60        0.4411             nan     0.1000   -0.0004
"
"1","    80        0.3665             nan     0.1000   -0.0017
"
"1","   100        0.3089             nan     0.1000   -0.0012
"
"1","   120        0.2589             nan     0.1000   -0.0026
"
"1","   140        0.2139             nan     0.1000   -0.0008
"
"1","   150        0.1997             nan     0.1000   -0.0011
"
"1","
"
"1","Iter   TrainDeviance   ValidDeviance   StepSize   Improve
"
"1","     1        1.1336             nan     0.1000    0.0126
"
"1","     2        1.0894             nan     0.1000    0.0179
"
"1","     3        1.0599             nan     0.1000    0.0135
"
"1","     4        1.0376             nan     0.1000    0.0096
"
"1","     5        1.0162             nan     0.1000    0.0080
"
"1","     6        0.9992             nan     0.1000    0.0051
"
"1","     7        0.9851             nan     0.1000    0.0067
"
"1","     8        0.9709             nan     0.1000    0.0048
"
"1","     9        0.9566             nan     0.1000    0.0050
"
"1","    10        0.9447             nan     0.1000    0.0037
"
"1","    20        0.8570             nan     0.1000   -0.0014
"
"1","    40        0.7654             nan     0.1000    0.0008
"
"1","    60        0.7085             nan     0.1000   -0.0025
"
"1","    80        0.6597             nan     0.1000    0.0002
"
"1","   100        0.6218             nan     0.1000   -0.0019
"
"1","   120        0.5941             nan     0.1000    0.0001
"
"1","   140        0.5668             nan     0.1000   -0.0011
"
"1","   150        0.5552             nan     0.1000   -0.0009
"
"1","
"
"1","Iter   TrainDeviance   ValidDeviance   StepSize   Improve
"
"1","     1        1.1107             nan     0.1000    0.0222
"
"1","     2        1.0727             nan     0.1000    0.0145
"
"1","     3        1.0392             nan     0.1000    0.0146
"
"1","     4        1.0107             nan     0.1000    0.0141
"
"1","     5        0.9819             nan     0.1000    0.0087
"
"1","     6        0.9576             nan     0.1000    0.0107
"
"1","     7        0.9313             nan     0.1000    0.0092
"
"1","     8        0.9051             nan     0.1000    0.0075
"
"1","     9        0.8900             nan     0.1000    0.0031
"
"1","    10        0.8706             nan     0.1000    0.0082
"
"1","    20        0.7414             nan     0.1000    0.0041
"
"1","    40        0.6166             nan     0.1000   -0.0024
"
"1","    60        0.5222             nan     0.1000   -0.0001
"
"1","    80        0.4662             nan     0.1000   -0.0011
"
"1","   100        0.4098             nan     0.1000   -0.0011
"
"1","   120        0.3665             nan     0.1000   -0.0005
"
"1","   140        0.3329             nan     0.1000   -0.0010
"
"1","   150        0.3133             nan     0.1000   -0.0003
"
"1","
"
"1","Iter   TrainDeviance   ValidDeviance   StepSize   Improve
"
"1","     1        1.1007             nan     0.1000    0.0210
"
"1","     2        1.0524             nan     0.1000    0.0171
"
"1","     3        1.0123             nan     0.1000    0.0137
"
"1","     4        0.9751             nan     0.1000    0.0130
"
"1","     5        0.9440             nan     0.1000    0.0097
"
"1","     6        0.9080             nan     0.1000    0.0125
"
"1","     7        0.8811             nan     0.1000    0.0065
"
"1","     8        0.8599             nan     0.1000    0.0062
"
"1","     9        0.8434             nan     0.1000    0.0049
"
"1","    10        0.8179             nan     0.1000    0.0082
"
"1","    20        0.6728             nan     0.1000    0.0051
"
"1","    40        0.5076             nan     0.1000   -0.0006
"
"1","    60        0.3939             nan     0.1000    0.0004
"
"1","    80        0.3310             nan     0.1000   -0.0007
"
"1","   100        0.2782             nan     0.1000    0.0001
"
"1","   120        0.2322             nan     0.1000   -0.0020
"
"1","   140        0.1998             nan     0.1000   -0.0012
"
"1","   150        0.1825             nan     0.1000    0.0003
"
"1","
"
"1","Iter   TrainDeviance   ValidDeviance   StepSize   Improve
"
"1","     1        1.1236             nan     0.1000    0.0120
"
"1","     2        1.1005             nan     0.1000    0.0099
"
"1","     3        1.0779             nan     0.1000    0.0103
"
"1","     4        1.0653             nan     0.1000    0.0024
"
"1","     5        1.0466             nan     0.1000    0.0094
"
"1","     6        1.0281             nan     0.1000    0.0086
"
"1","     7        1.0110             nan     0.1000    0.0066
"
"1","     8        0.9986             nan     0.1000    0.0043
"
"1","     9        0.9833             nan     0.1000    0.0062
"
"1","    10        0.9714             nan     0.1000    0.0041
"
"1","    20        0.8970             nan     0.1000    0.0006
"
"1","    40        0.8097             nan     0.1000    0.0002
"
"1","    60        0.7597             nan     0.1000   -0.0001
"
"1","    80        0.7213             nan     0.1000   -0.0028
"
"1","   100        0.6751             nan     0.1000   -0.0014
"
"1","   120        0.6391             nan     0.1000   -0.0024
"
"1","   140        0.6083             nan     0.1000   -0.0028
"
"1","   150        0.5973             nan     0.1000   -0.0017
"
"1","
"
"1","Iter   TrainDeviance   ValidDeviance   StepSize   Improve
"
"1","     1        1.1042             nan     0.1000    0.0192
"
"1","     2        1.0741             nan     0.1000    0.0083
"
"1","     3        1.0399             nan     0.1000    0.0125
"
"1","     4        1.0160             nan     0.1000    0.0083
"
"1","     5        0.9848             nan     0.1000    0.0087
"
"1","     6        0.9632             nan     0.1000    0.0057
"
"1","     7        0.9403             nan     0.1000    0.0060
"
"1","     8        0.9277             nan     0.1000   -0.0015
"
"1","     9        0.9100             nan     0.1000    0.0019
"
"1","    10        0.8941             nan     0.1000    0.0034
"
"1","    20        0.7856             nan     0.1000    0.0022
"
"1","    40        0.6505             nan     0.1000   -0.0038
"
"1","    60        0.5735             nan     0.1000   -0.0010
"
"1","    80        0.5069             nan     0.1000   -0.0020
"
"1","   100        0.4416             nan     0.1000    0.0006
"
"1","   120        0.3978             nan     0.1000   -0.0015
"
"1","   140        0.3577             nan     0.1000   -0.0005
"
"1","   150        0.3422             nan     0.1000   -0.0009
"
"1","
"
"1","Iter   TrainDeviance   ValidDeviance   StepSize   Improve
"
"1","     1        1.1081             nan     0.1000    0.0065
"
"1","     2        1.0683             nan     0.1000    0.0134
"
"1","     3        1.0323             nan     0.1000    0.0103
"
"1","     4        0.9945             nan     0.1000    0.0164
"
"1","     5        0.9695             nan     0.1000    0.0064
"
"1","     6        0.9354             nan     0.1000    0.0137
"
"1","     7        0.9155             nan     0.1000    0.0023
"
"1","     8        0.8885             nan     0.1000    0.0089
"
"1","     9        0.8655             nan     0.1000    0.0071
"
"1","    10        0.8473             nan     0.1000   -0.0027
"
"1","    20        0.6997             nan     0.1000    0.0018
"
"1","    40        0.5459             nan     0.1000    0.0015
"
"1","    60        0.4273             nan     0.1000   -0.0014
"
"1","    80        0.3550             nan     0.1000   -0.0004
"
"1","   100        0.3022             nan     0.1000   -0.0004
"
"1","   120        0.2527             nan     0.1000   -0.0016
"
"1","   140        0.2171             nan     0.1000   -0.0017
"
"1","   150        0.2000             nan     0.1000    0.0000
"
"1","
"
"1","Iter   TrainDeviance   ValidDeviance   StepSize   Improve
"
"1","     1        1.1641             nan     0.1000    0.0172
"
"1","     2        1.1370             nan     0.1000    0.0110
"
"1","     3        1.1147             nan     0.1000    0.0121
"
"1","     4        1.1012             nan     0.1000    0.0014
"
"1","     5        1.0791             nan     0.1000    0.0098
"
"1","     6        1.0628             nan     0.1000    0.0063
"
"1","     7        1.0471             nan     0.1000    0.0066
"
"1","     8        1.0349             nan     0.1000    0.0048
"
"1","     9        1.0241             nan     0.1000   -0.0013
"
"1","    10        1.0200             nan     0.1000   -0.0007
"
"1","    20        0.9474             nan     0.1000   -0.0010
"
"1","    40        0.8615             nan     0.1000   -0.0005
"
"1","    60        0.8077             nan     0.1000   -0.0005
"
"1","    80        0.7611             nan     0.1000   -0.0031
"
"1","   100        0.7223             nan     0.1000   -0.0022
"
"1","   120        0.6937             nan     0.1000   -0.0010
"
"1","   140        0.6605             nan     0.1000    0.0005
"
"1","   150        0.6418             nan     0.1000   -0.0019
"
"1","
"
"1","Iter   TrainDeviance   ValidDeviance   StepSize   Improve
"
"1","     1        1.1577             nan     0.1000    0.0196
"
"1","     2        1.1205             nan     0.1000    0.0174
"
"1","     3        1.0926             nan     0.1000    0.0088
"
"1","     4        1.0707             nan     0.1000    0.0007
"
"1","     5        1.0516             nan     0.1000    0.0026
"
"1","     6        1.0308             nan     0.1000    0.0071
"
"1","     7        1.0087             nan     0.1000    0.0073
"
"1","     8        0.9933             nan     0.1000    0.0049
"
"1","     9        0.9761             nan     0.1000    0.0065
"
"1","    10        0.9641             nan     0.1000    0.0030
"
"1","    20        0.8481             nan     0.1000    0.0028
"
"1","    40        0.7029             nan     0.1000   -0.0023
"
"1","    60        0.6095             nan     0.1000   -0.0002
"
"1","    80        0.5404             nan     0.1000   -0.0012
"
"1","   100        0.4850             nan     0.1000   -0.0004
"
"1","   120        0.4388             nan     0.1000   -0.0022
"
"1","   140        0.3988             nan     0.1000   -0.0017
"
"1","   150        0.3826             nan     0.1000   -0.0014
"
"1","
"
"1","Iter   TrainDeviance   ValidDeviance   StepSize   Improve
"
"1","     1        1.1531             nan     0.1000    0.0161
"
"1","     2        1.1115             nan     0.1000    0.0185
"
"1","     3        1.0738             nan     0.1000    0.0139
"
"1","     4        1.0482             nan     0.1000    0.0098
"
"1","     5        1.0207             nan     0.1000    0.0106
"
"1","     6        0.9914             nan     0.1000    0.0114
"
"1","     7        0.9707             nan     0.1000    0.0003
"
"1","     8        0.9484             nan     0.1000    0.0082
"
"1","     9        0.9305             nan     0.1000    0.0005
"
"1","    10        0.9074             nan     0.1000    0.0038
"
"1","    20        0.7691             nan     0.1000    0.0007
"
"1","    40        0.5947             nan     0.1000   -0.0001
"
"1","    60        0.4972             nan     0.1000   -0.0019
"
"1","    80        0.4271             nan     0.1000   -0.0019
"
"1","   100        0.3653             nan     0.1000   -0.0023
"
"1","   120        0.3210             nan     0.1000   -0.0016
"
"1","   140        0.2727             nan     0.1000   -0.0013
"
"1","   150        0.2521             nan     0.1000   -0.0012
"
"1","
"
"1","Iter   TrainDeviance   ValidDeviance   StepSize   Improve
"
"1","     1        1.1046             nan     0.1000    0.0111
"
"1","     2        1.0917             nan     0.1000    0.0053
"
"1","     3        1.0726             nan     0.1000    0.0078
"
"1","     4        1.0567             nan     0.1000    0.0059
"
"1","     5        1.0402             nan     0.1000    0.0040
"
"1","     6        1.0273             nan     0.1000    0.0041
"
"1","     7        1.0173             nan     0.1000    0.0028
"
"1","     8        1.0086             nan     0.1000    0.0028
"
"1","     9        0.9990             nan     0.1000    0.0018
"
"1","    10        0.9879             nan     0.1000    0.0036
"
"1","    20        0.9146             nan     0.1000    0.0023
"
"1","    40        0.8405             nan     0.1000    0.0003
"
"1","    60        0.7878             nan     0.1000   -0.0009
"
"1","    80        0.7489             nan     0.1000   -0.0002
"
"1","   100        0.7196             nan     0.1000   -0.0017
"
"1","   120        0.6914             nan     0.1000   -0.0023
"
"1","   140        0.6671             nan     0.1000   -0.0013
"
"1","   150        0.6534             nan     0.1000   -0.0012
"
"1","
"
"1","Iter   TrainDeviance   ValidDeviance   StepSize   Improve
"
"1","     1        1.0983             nan     0.1000    0.0159
"
"1","     2        1.0628             nan     0.1000    0.0137
"
"1","     3        1.0392             nan     0.1000    0.0089
"
"1","     4        1.0200             nan     0.1000    0.0043
"
"1","     5        1.0014             nan     0.1000    0.0051
"
"1","     6        0.9857             nan     0.1000    0.0040
"
"1","     7        0.9731             nan     0.1000   -0.0010
"
"1","     8        0.9506             nan     0.1000    0.0105
"
"1","     9        0.9330             nan     0.1000    0.0064
"
"1","    10        0.9275             nan     0.1000   -0.0032
"
"1","    20        0.8190             nan     0.1000   -0.0025
"
"1","    40        0.7072             nan     0.1000    0.0008
"
"1","    60        0.6248             nan     0.1000   -0.0049
"
"1","    80        0.5580             nan     0.1000   -0.0024
"
"1","   100        0.5078             nan     0.1000   -0.0013
"
"1","   120        0.4611             nan     0.1000    0.0003
"
"1","   140        0.4255             nan     0.1000   -0.0018
"
"1","   150        0.4076             nan     0.1000   -0.0005
"
"1","
"
"1","Iter   TrainDeviance   ValidDeviance   StepSize   Improve
"
"1","     1        1.0807             nan     0.1000    0.0190
"
"1","     2        1.0424             nan     0.1000    0.0124
"
"1","     3        1.0128             nan     0.1000    0.0092
"
"1","     4        0.9937             nan     0.1000    0.0015
"
"1","     5        0.9682             nan     0.1000    0.0045
"
"1","     6        0.9356             nan     0.1000    0.0126
"
"1","     7        0.9160             nan     0.1000    0.0030
"
"1","     8        0.8897             nan     0.1000    0.0076
"
"1","     9        0.8717             nan     0.1000    0.0038
"
"1","    10        0.8567             nan     0.1000    0.0006
"
"1","    20        0.7419             nan     0.1000    0.0014
"
"1","    40        0.5901             nan     0.1000   -0.0017
"
"1","    60        0.4992             nan     0.1000   -0.0041
"
"1","    80        0.4171             nan     0.1000   -0.0011
"
"1","   100        0.3604             nan     0.1000   -0.0022
"
"1","   120        0.3123             nan     0.1000   -0.0023
"
"1","   140        0.2730             nan     0.1000   -0.0003
"
"1","   150        0.2531             nan     0.1000   -0.0010
"
"1","
"
"1","Iter   TrainDeviance   ValidDeviance   StepSize   Improve
"
"1","     1        1.1785             nan     0.1000    0.0152
"
"1","     2        1.1415             nan     0.1000    0.0104
"
"1","     3        1.1248             nan     0.1000    0.0075
"
"1","     4        1.1038             nan     0.1000    0.0107
"
"1","     5        1.0851             nan     0.1000    0.0092
"
"1","     6        1.0682             nan     0.1000    0.0071
"
"1","     7        1.0529             nan     0.1000    0.0054
"
"1","     8        1.0420             nan     0.1000    0.0046
"
"1","     9        1.0273             nan     0.1000    0.0063
"
"1","    10        1.0178             nan     0.1000    0.0032
"
"1","    20        0.9483             nan     0.1000    0.0011
"
"1","    40        0.8632             nan     0.1000   -0.0013
"
"1","    60        0.8056             nan     0.1000    0.0002
"
"1","    80        0.7574             nan     0.1000   -0.0017
"
"1","   100        0.7144             nan     0.1000   -0.0020
"
"1","   120        0.6790             nan     0.1000   -0.0002
"
"1","   140        0.6451             nan     0.1000   -0.0004
"
"1","   150        0.6311             nan     0.1000   -0.0014
"
"1","
"
"1","Iter   TrainDeviance   ValidDeviance   StepSize   Improve
"
"1","     1        1.1694             nan     0.1000    0.0197
"
"1","     2        1.1382             nan     0.1000    0.0144
"
"1","     3        1.1016             nan     0.1000    0.0165
"
"1","     4        1.0708             nan     0.1000    0.0109
"
"1","     5        1.0425             nan     0.1000    0.0066
"
"1","     6        1.0205             nan     0.1000    0.0074
"
"1","     7        0.9985             nan     0.1000    0.0011
"
"1","     8        0.9795             nan     0.1000    0.0033
"
"1","     9        0.9603             nan     0.1000    0.0068
"
"1","    10        0.9449             nan     0.1000    0.0070
"
"1","    20        0.8141             nan     0.1000    0.0026
"
"1","    40        0.6845             nan     0.1000    0.0014
"
"1","    60        0.5964             nan     0.1000    0.0006
"
"1","    80        0.5267             nan     0.1000   -0.0050
"
"1","   100        0.4685             nan     0.1000   -0.0016
"
"1","   120        0.4168             nan     0.1000   -0.0001
"
"1","   140        0.3683             nan     0.1000   -0.0012
"
"1","   150        0.3457             nan     0.1000   -0.0009
"
"1","
"
"1","Iter   TrainDeviance   ValidDeviance   StepSize   Improve
"
"1","     1        1.1552             nan     0.1000    0.0223
"
"1","     2        1.1143             nan     0.1000    0.0145
"
"1","     3        1.0762             nan     0.1000    0.0152
"
"1","     4        1.0525             nan     0.1000    0.0043
"
"1","     5        1.0168             nan     0.1000    0.0137
"
"1","     6        0.9928             nan     0.1000    0.0082
"
"1","     7        0.9645             nan     0.1000    0.0079
"
"1","     8        0.9413             nan     0.1000    0.0043
"
"1","     9        0.9251             nan     0.1000    0.0040
"
"1","    10        0.9026             nan     0.1000    0.0103
"
"1","    20        0.7400             nan     0.1000    0.0054
"
"1","    40        0.5724             nan     0.1000    0.0015
"
"1","    60        0.4745             nan     0.1000   -0.0040
"
"1","    80        0.3816             nan     0.1000   -0.0003
"
"1","   100        0.3144             nan     0.1000    0.0000
"
"1","   120        0.2705             nan     0.1000   -0.0017
"
"1","   140        0.2300             nan     0.1000   -0.0003
"
"1","   150        0.2120             nan     0.1000   -0.0017
"
"1","
"
"1","Iter   TrainDeviance   ValidDeviance   StepSize   Improve
"
"1","     1        1.1301             nan     0.1000    0.0156
"
"1","     2        1.0907             nan     0.1000    0.0150
"
"1","     3        1.0647             nan     0.1000    0.0118
"
"1","     4        1.0378             nan     0.1000    0.0080
"
"1","     5        1.0202             nan     0.1000    0.0063
"
"1","     6        1.0042             nan     0.1000    0.0079
"
"1","     7        0.9907             nan     0.1000    0.0041
"
"1","     8        0.9760             nan     0.1000    0.0060
"
"1","     9        0.9614             nan     0.1000    0.0057
"
"1","    10        0.9476             nan     0.1000    0.0048
"
"1","    20        0.8616             nan     0.1000    0.0011
"
"1","    40        0.7618             nan     0.1000   -0.0014
"
"1","    60        0.6981             nan     0.1000    0.0009
"
"1","    80        0.6428             nan     0.1000   -0.0022
"
"1","   100        0.6000             nan     0.1000   -0.0003
"
"1","   120        0.5614             nan     0.1000   -0.0015
"
"1","   140        0.5298             nan     0.1000   -0.0004
"
"1","   150        0.5169             nan     0.1000   -0.0013
"
"1","
"
"1","Iter   TrainDeviance   ValidDeviance   StepSize   Improve
"
"1","     1        1.1163             nan     0.1000    0.0218
"
"1","     2        1.0701             nan     0.1000    0.0146
"
"1","     3        1.0284             nan     0.1000    0.0191
"
"1","     4        1.0117             nan     0.1000    0.0043
"
"1","     5        0.9805             nan     0.1000    0.0088
"
"1","     6        0.9443             nan     0.1000    0.0131
"
"1","     7        0.9218             nan     0.1000    0.0079
"
"1","     8        0.9035             nan     0.1000    0.0058
"
"1","     9        0.8847             nan     0.1000    0.0059
"
"1","    10        0.8617             nan     0.1000    0.0018
"
"1","    20        0.7353             nan     0.1000   -0.0011
"
"1","    40        0.6178             nan     0.1000   -0.0002
"
"1","    60        0.5063             nan     0.1000   -0.0021
"
"1","    80        0.4418             nan     0.1000    0.0001
"
"1","   100        0.3790             nan     0.1000   -0.0023
"
"1","   120        0.3334             nan     0.1000   -0.0011
"
"1","   140        0.2997             nan     0.1000   -0.0003
"
"1","   150        0.2842             nan     0.1000   -0.0003
"
"1","
"
"1","Iter   TrainDeviance   ValidDeviance   StepSize   Improve
"
"1","     1        1.0928             nan     0.1000    0.0355
"
"1","     2        1.0328             nan     0.1000    0.0244
"
"1","     3        0.9946             nan     0.1000    0.0103
"
"1","     4        0.9617             nan     0.1000    0.0088
"
"1","     5        0.9310             nan     0.1000    0.0090
"
"1","     6        0.9033             nan     0.1000    0.0046
"
"1","     7        0.8702             nan     0.1000    0.0108
"
"1","     8        0.8453             nan     0.1000    0.0044
"
"1","     9        0.8275             nan     0.1000    0.0013
"
"1","    10        0.8074             nan     0.1000    0.0035
"
"1","    20        0.6603             nan     0.1000    0.0036
"
"1","    40        0.4886             nan     0.1000   -0.0019
"
"1","    60        0.3996             nan     0.1000   -0.0010
"
"1","    80        0.3167             nan     0.1000   -0.0004
"
"1","   100        0.2718             nan     0.1000   -0.0003
"
"1","   120        0.2303             nan     0.1000   -0.0004
"
"1","   140        0.1953             nan     0.1000   -0.0004
"
"1","   150        0.1820             nan     0.1000   -0.0003
"
"1","
"
"1","Iter   TrainDeviance   ValidDeviance   StepSize   Improve
"
"1","     1        1.2052             nan     0.1000    0.0093
"
"1","     2        1.1835             nan     0.1000    0.0106
"
"1","     3        1.1641             nan     0.1000    0.0098
"
"1","     4        1.1451             nan     0.1000    0.0107
"
"1","     5        1.1204             nan     0.1000    0.0096
"
"1","     6        1.1040             nan     0.1000    0.0058
"
"1","     7        1.0890             nan     0.1000    0.0071
"
"1","     8        1.0785             nan     0.1000    0.0020
"
"1","     9        1.0694             nan     0.1000    0.0015
"
"1","    10        1.0536             nan     0.1000    0.0053
"
"1","    20        0.9698             nan     0.1000    0.0012
"
"1","    40        0.8442             nan     0.1000   -0.0027
"
"1","    60        0.7783             nan     0.1000   -0.0005
"
"1","    80        0.7367             nan     0.1000   -0.0026
"
"1","   100        0.6997             nan     0.1000   -0.0008
"
"1","   120        0.6692             nan     0.1000    0.0002
"
"1","   140        0.6373             nan     0.1000   -0.0020
"
"1","   150        0.6214             nan     0.1000   -0.0010
"
"1","
"
"1","Iter   TrainDeviance   ValidDeviance   StepSize   Improve
"
"1","     1        1.1924             nan     0.1000    0.0143
"
"1","     2        1.1618             nan     0.1000    0.0072
"
"1","     3        1.1331             nan     0.1000    0.0090
"
"1","     4        1.0968             nan     0.1000    0.0160
"
"1","     5        1.0720             nan     0.1000    0.0067
"
"1","     6        1.0505             nan     0.1000    0.0082
"
"1","     7        1.0174             nan     0.1000    0.0152
"
"1","     8        0.9961             nan     0.1000    0.0071
"
"1","     9        0.9747             nan     0.1000    0.0092
"
"1","    10        0.9567             nan     0.1000    0.0028
"
"1","    20        0.8239             nan     0.1000    0.0010
"
"1","    40        0.6709             nan     0.1000    0.0014
"
"1","    60        0.5838             nan     0.1000    0.0006
"
"1","    80        0.5119             nan     0.1000   -0.0002
"
"1","   100        0.4502             nan     0.1000   -0.0004
"
"1","   120        0.4008             nan     0.1000   -0.0009
"
"1","   140        0.3581             nan     0.1000   -0.0004
"
"1","   150        0.3419             nan     0.1000   -0.0017
"
"1","
"
"1","Iter   TrainDeviance   ValidDeviance   StepSize   Improve
"
"1","     1        1.1958             nan     0.1000    0.0174
"
"1","     2        1.1429             nan     0.1000    0.0232
"
"1","     3        1.0786             nan     0.1000    0.0246
"
"1","     4        1.0489             nan     0.1000    0.0103
"
"1","     5        1.0147             nan     0.1000    0.0130
"
"1","     6        0.9855             nan     0.1000    0.0092
"
"1","     7        0.9649             nan     0.1000    0.0039
"
"1","     8        0.9381             nan     0.1000    0.0111
"
"1","     9        0.9168             nan     0.1000    0.0060
"
"1","    10        0.8972             nan     0.1000    0.0046
"
"1","    20        0.7373             nan     0.1000    0.0016
"
"1","    40        0.5748             nan     0.1000   -0.0018
"
"1","    60        0.4573             nan     0.1000   -0.0003
"
"1","    80        0.3756             nan     0.1000   -0.0021
"
"1","   100        0.3160             nan     0.1000   -0.0003
"
"1","   120        0.2651             nan     0.1000   -0.0007
"
"1","   140        0.2261             nan     0.1000   -0.0009
"
"1","   150        0.2105             nan     0.1000   -0.0006
"
"1","
"
"1","Iter   TrainDeviance   ValidDeviance   StepSize   Improve
"
"1","     1        1.1448             nan     0.1000    0.0096
"
"1","     2        1.1228             nan     0.1000    0.0112
"
"1","     3        1.1070             nan     0.1000    0.0063
"
"1","     4        1.0910             nan     0.1000    0.0052
"
"1","     5        1.0727             nan     0.1000    0.0086
"
"1","     6        1.0606             nan     0.1000    0.0039
"
"1","     7        1.0454             nan     0.1000    0.0070
"
"1","     8        1.0301             nan     0.1000    0.0053
"
"1","     9        1.0182             nan     0.1000    0.0015
"
"1","    10        0.9977             nan     0.1000    0.0043
"
"1","    20        0.9036             nan     0.1000    0.0029
"
"1","    40        0.7991             nan     0.1000   -0.0001
"
"1","    60        0.7369             nan     0.1000   -0.0007
"
"1","    80        0.6816             nan     0.1000   -0.0013
"
"1","   100        0.6374             nan     0.1000   -0.0015
"
"1","   120        0.5971             nan     0.1000    0.0005
"
"1","   140        0.5706             nan     0.1000   -0.0018
"
"1","   150        0.5532             nan     0.1000   -0.0004
"
"1","
"
"1","Iter   TrainDeviance   ValidDeviance   StepSize   Improve
"
"1","     1        1.1426             nan     0.1000    0.0038
"
"1","     2        1.1021             nan     0.1000    0.0163
"
"1","     3        1.0674             nan     0.1000    0.0127
"
"1","     4        1.0459             nan     0.1000    0.0089
"
"1","     5        1.0226             nan     0.1000    0.0087
"
"1","     6        0.9818             nan     0.1000    0.0188
"
"1","     7        0.9527             nan     0.1000    0.0135
"
"1","     8        0.9329             nan     0.1000    0.0072
"
"1","     9        0.9181             nan     0.1000    0.0025
"
"1","    10        0.8971             nan     0.1000    0.0092
"
"1","    20        0.7697             nan     0.1000    0.0021
"
"1","    40        0.6214             nan     0.1000    0.0004
"
"1","    60        0.5099             nan     0.1000   -0.0020
"
"1","    80        0.4457             nan     0.1000   -0.0008
"
"1","   100        0.3946             nan     0.1000   -0.0009
"
"1","   120        0.3413             nan     0.1000   -0.0020
"
"1","   140        0.3009             nan     0.1000   -0.0015
"
"1","   150        0.2854             nan     0.1000   -0.0008
"
"1","
"
"1","Iter   TrainDeviance   ValidDeviance   StepSize   Improve
"
"1","     1        1.1321             nan     0.1000    0.0128
"
"1","     2        1.0811             nan     0.1000    0.0210
"
"1","     3        1.0328             nan     0.1000    0.0251
"
"1","     4        0.9879             nan     0.1000    0.0165
"
"1","     5        0.9646             nan     0.1000    0.0044
"
"1","     6        0.9399             nan     0.1000    0.0073
"
"1","     7        0.9098             nan     0.1000    0.0057
"
"1","     8        0.8826             nan     0.1000    0.0037
"
"1","     9        0.8546             nan     0.1000    0.0082
"
"1","    10        0.8350             nan     0.1000    0.0069
"
"1","    20        0.6862             nan     0.1000    0.0022
"
"1","    40        0.5074             nan     0.1000    0.0023
"
"1","    60        0.3985             nan     0.1000   -0.0015
"
"1","    80        0.3288             nan     0.1000   -0.0011
"
"1","   100        0.2635             nan     0.1000   -0.0009
"
"1","   120        0.2250             nan     0.1000   -0.0022
"
"1","   140        0.1947             nan     0.1000   -0.0009
"
"1","   150        0.1818             nan     0.1000   -0.0009
"
"1","
"
"1","Iter   TrainDeviance   ValidDeviance   StepSize   Improve
"
"1","     1        1.1026             nan     0.1000    0.0131
"
"1","     2        1.0809             nan     0.1000    0.0097
"
"1","     3        1.0587             nan     0.1000    0.0077
"
"1","     4        1.0443             nan     0.1000    0.0058
"
"1","     5        1.0242             nan     0.1000    0.0083
"
"1","     6        1.0075             nan     0.1000    0.0060
"
"1","     7        0.9962             nan     0.1000    0.0032
"
"1","     8        0.9865             nan     0.1000   -0.0014
"
"1","     9        0.9755             nan     0.1000    0.0022
"
"1","    10        0.9600             nan     0.1000    0.0058
"
"1","    20        0.8733             nan     0.1000    0.0016
"
"1","    40        0.7822             nan     0.1000   -0.0039
"
"1","    60        0.7195             nan     0.1000    0.0007
"
"1","    80        0.6720             nan     0.1000   -0.0014
"
"1","   100        0.6376             nan     0.1000   -0.0013
"
"1","   120        0.6076             nan     0.1000   -0.0008
"
"1","   140        0.5824             nan     0.1000   -0.0010
"
"1","   150        0.5682             nan     0.1000   -0.0009
"
"1","
"
"1","Iter   TrainDeviance   ValidDeviance   StepSize   Improve
"
"1","     1        1.0893             nan     0.1000    0.0155
"
"1","     2        1.0509             nan     0.1000    0.0128
"
"1","     3        1.0208             nan     0.1000    0.0124
"
"1","     4        0.9901             nan     0.1000    0.0089
"
"1","     5        0.9653             nan     0.1000    0.0093
"
"1","     6        0.9454             nan     0.1000    0.0038
"
"1","     7        0.9210             nan     0.1000    0.0064
"
"1","     8        0.8992             nan     0.1000    0.0082
"
"1","     9        0.8869             nan     0.1000    0.0021
"
"1","    10        0.8750             nan     0.1000    0.0025
"
"1","    20        0.7550             nan     0.1000   -0.0022
"
"1","    40        0.6247             nan     0.1000    0.0033
"
"1","    60        0.5389             nan     0.1000    0.0010
"
"1","    80        0.4670             nan     0.1000   -0.0025
"
"1","   100        0.4115             nan     0.1000   -0.0011
"
"1","   120        0.3702             nan     0.1000   -0.0010
"
"1","   140        0.3326             nan     0.1000   -0.0014
"
"1","   150        0.3179             nan     0.1000   -0.0010
"
"1","
"
"1","Iter   TrainDeviance   ValidDeviance   StepSize   Improve
"
"1","     1        1.0810             nan     0.1000    0.0149
"
"1","     2        1.0392             nan     0.1000    0.0177
"
"1","     3        1.0015             nan     0.1000    0.0104
"
"1","     4        0.9676             nan     0.1000    0.0160
"
"1","     5        0.9394             nan     0.1000    0.0095
"
"1","     6        0.8998             nan     0.1000    0.0124
"
"1","     7        0.8732             nan     0.1000    0.0069
"
"1","     8        0.8459             nan     0.1000    0.0080
"
"1","     9        0.8254             nan     0.1000    0.0093
"
"1","    10        0.8026             nan     0.1000    0.0005
"
"1","    20        0.6722             nan     0.1000    0.0006
"
"1","    40        0.5185             nan     0.1000   -0.0008
"
"1","    60        0.4164             nan     0.1000   -0.0005
"
"1","    80        0.3404             nan     0.1000   -0.0011
"
"1","   100        0.2815             nan     0.1000   -0.0022
"
"1","   120        0.2442             nan     0.1000   -0.0017
"
"1","   140        0.2120             nan     0.1000   -0.0005
"
"1","   150        0.1940             nan     0.1000   -0.0002
"
"1","
"
"1","Iter   TrainDeviance   ValidDeviance   StepSize   Improve
"
"1","     1        1.0788             nan     0.1000    0.0056
"
"1","     2        1.0418             nan     0.1000    0.0129
"
"1","     3        1.0196             nan     0.1000    0.0100
"
"1","     4        1.0047             nan     0.1000    0.0044
"
"1","     5        0.9872             nan     0.1000    0.0090
"
"1","     6        0.9696             nan     0.1000    0.0043
"
"1","     7        0.9524             nan     0.1000   -0.0002
"
"1","     8        0.9386             nan     0.1000    0.0031
"
"1","     9        0.9271             nan     0.1000    0.0043
"
"1","    10        0.9154             nan     0.1000    0.0045
"
"1","    20        0.8382             nan     0.1000   -0.0000
"
"1","    40        0.7502             nan     0.1000   -0.0018
"
"1","    60        0.6846             nan     0.1000   -0.0020
"
"1","    80        0.6378             nan     0.1000   -0.0009
"
"1","   100        0.5939             nan     0.1000    0.0010
"
"1","   120        0.5645             nan     0.1000   -0.0021
"
"1","   140        0.5306             nan     0.1000    0.0005
"
"1","   150        0.5164             nan     0.1000    0.0006
"
"1","
"
"1","Iter   TrainDeviance   ValidDeviance   StepSize   Improve
"
"1","     1        1.0558             nan     0.1000    0.0202
"
"1","     2        1.0119             nan     0.1000    0.0183
"
"1","     3        0.9752             nan     0.1000    0.0158
"
"1","     4        0.9506             nan     0.1000    0.0084
"
"1","     5        0.9245             nan     0.1000    0.0087
"
"1","     6        0.9028             nan     0.1000    0.0063
"
"1","     7        0.8755             nan     0.1000    0.0079
"
"1","     8        0.8585             nan     0.1000    0.0078
"
"1","     9        0.8414             nan     0.1000    0.0058
"
"1","    10        0.8231             nan     0.1000    0.0060
"
"1","    20        0.7059             nan     0.1000    0.0033
"
"1","    40        0.5531             nan     0.1000   -0.0012
"
"1","    60        0.4612             nan     0.1000   -0.0002
"
"1","    80        0.3964             nan     0.1000   -0.0009
"
"1","   100        0.3465             nan     0.1000    0.0005
"
"1","   120        0.3035             nan     0.1000    0.0002
"
"1","   140        0.2700             nan     0.1000   -0.0005
"
"1","   150        0.2550             nan     0.1000   -0.0010
"
"1","
"
"1","Iter   TrainDeviance   ValidDeviance   StepSize   Improve
"
"1","     1        1.0312             nan     0.1000    0.0249
"
"1","     2        0.9946             nan     0.1000    0.0136
"
"1","     3        0.9586             nan     0.1000    0.0132
"
"1","     4        0.9188             nan     0.1000    0.0136
"
"1","     5        0.8871             nan     0.1000    0.0030
"
"1","     6        0.8616             nan     0.1000    0.0059
"
"1","     7        0.8414             nan     0.1000    0.0080
"
"1","     8        0.8261             nan     0.1000    0.0010
"
"1","     9        0.8036             nan     0.1000    0.0022
"
"1","    10        0.7869             nan     0.1000    0.0041
"
"1","    20        0.6512             nan     0.1000    0.0053
"
"1","    40        0.4551             nan     0.1000   -0.0004
"
"1","    60        0.3611             nan     0.1000   -0.0025
"
"1","    80        0.2927             nan     0.1000   -0.0039
"
"1","   100        0.2364             nan     0.1000   -0.0011
"
"1","   120        0.1974             nan     0.1000   -0.0006
"
"1","   140        0.1606             nan     0.1000   -0.0001
"
"1","   150        0.1463             nan     0.1000   -0.0012
"
"1","
"
"1","Iter   TrainDeviance   ValidDeviance   StepSize   Improve
"
"1","     1        1.1624             nan     0.1000    0.0064
"
"1","     2        1.1477             nan     0.1000    0.0079
"
"1","     3        1.1267             nan     0.1000    0.0065
"
"1","     4        1.1126             nan     0.1000    0.0073
"
"1","     5        1.0942             nan     0.1000    0.0046
"
"1","     6        1.0840             nan     0.1000   -0.0009
"
"1","     7        1.0690             nan     0.1000    0.0059
"
"1","     8        1.0536             nan     0.1000    0.0054
"
"1","     9        1.0432             nan     0.1000    0.0029
"
"1","    10        1.0301             nan     0.1000    0.0055
"
"1","    20        0.9458             nan     0.1000    0.0010
"
"1","    40        0.8612             nan     0.1000   -0.0026
"
"1","    60        0.8081             nan     0.1000    0.0005
"
"1","    80        0.7601             nan     0.1000   -0.0005
"
"1","   100        0.7202             nan     0.1000   -0.0009
"
"1","   120        0.6906             nan     0.1000   -0.0020
"
"1","   140        0.6626             nan     0.1000    0.0000
"
"1","   150        0.6460             nan     0.1000   -0.0003
"
"1","
"
"1","Iter   TrainDeviance   ValidDeviance   StepSize   Improve
"
"1","     1        1.1473             nan     0.1000    0.0080
"
"1","     2        1.1149             nan     0.1000    0.0141
"
"1","     3        1.0877             nan     0.1000    0.0116
"
"1","     4        1.0581             nan     0.1000    0.0055
"
"1","     5        1.0371             nan     0.1000    0.0046
"
"1","     6        1.0162             nan     0.1000    0.0068
"
"1","     7        0.9957             nan     0.1000    0.0077
"
"1","     8        0.9748             nan     0.1000    0.0040
"
"1","     9        0.9538             nan     0.1000    0.0078
"
"1","    10        0.9448             nan     0.1000    0.0015
"
"1","    20        0.8193             nan     0.1000    0.0005
"
"1","    40        0.7064             nan     0.1000   -0.0014
"
"1","    60        0.6138             nan     0.1000   -0.0020
"
"1","    80        0.5418             nan     0.1000   -0.0005
"
"1","   100        0.4965             nan     0.1000   -0.0018
"
"1","   120        0.4383             nan     0.1000   -0.0008
"
"1","   140        0.3950             nan     0.1000   -0.0017
"
"1","   150        0.3721             nan     0.1000   -0.0008
"
"1","
"
"1","Iter   TrainDeviance   ValidDeviance   StepSize   Improve
"
"1","     1        1.1401             nan     0.1000    0.0105
"
"1","     2        1.1009             nan     0.1000    0.0104
"
"1","     3        1.0728             nan     0.1000    0.0064
"
"1","     4        1.0476             nan     0.1000    0.0053
"
"1","     5        1.0209             nan     0.1000    0.0078
"
"1","     6        0.9927             nan     0.1000    0.0104
"
"1","     7        0.9774             nan     0.1000    0.0012
"
"1","     8        0.9512             nan     0.1000    0.0091
"
"1","     9        0.9282             nan     0.1000    0.0066
"
"1","    10        0.9006             nan     0.1000    0.0107
"
"1","    20        0.7463             nan     0.1000    0.0011
"
"1","    40        0.5867             nan     0.1000   -0.0015
"
"1","    60        0.4772             nan     0.1000   -0.0007
"
"1","    80        0.4092             nan     0.1000   -0.0020
"
"1","   100        0.3440             nan     0.1000   -0.0020
"
"1","   120        0.2961             nan     0.1000   -0.0017
"
"1","   140        0.2528             nan     0.1000   -0.0012
"
"1","   150        0.2342             nan     0.1000   -0.0016
"
"1","
"
"1","Iter   TrainDeviance   ValidDeviance   StepSize   Improve
"
"1","     1        1.1670             nan     0.1000    0.0100
"
"1","     2        1.1422             nan     0.1000    0.0128
"
"1","     3        1.1148             nan     0.1000    0.0079
"
"1","     4        1.0952             nan     0.1000    0.0049
"
"1","     5        1.0783             nan     0.1000    0.0035
"
"1","     6        1.0629             nan     0.1000    0.0036
"
"1","     7        1.0529             nan     0.1000    0.0016
"
"1","     8        1.0397             nan     0.1000    0.0051
"
"1","     9        1.0269             nan     0.1000    0.0051
"
"1","    10        1.0196             nan     0.1000    0.0006
"
"1","    20        0.9440             nan     0.1000   -0.0012
"
"1","    40        0.8529             nan     0.1000    0.0019
"
"1","    60        0.8016             nan     0.1000   -0.0008
"
"1","    80        0.7561             nan     0.1000   -0.0018
"
"1","   100        0.7163             nan     0.1000   -0.0019
"
"1","   120        0.6832             nan     0.1000   -0.0013
"
"1","   140        0.6532             nan     0.1000    0.0004
"
"1","   150        0.6408             nan     0.1000   -0.0010
"
"1","
"
"1","Iter   TrainDeviance   ValidDeviance   StepSize   Improve
"
"1","     1        1.1489             nan     0.1000    0.0221
"
"1","     2        1.1177             nan     0.1000    0.0154
"
"1","     3        1.0875             nan     0.1000    0.0109
"
"1","     4        1.0579             nan     0.1000    0.0100
"
"1","     5        1.0369             nan     0.1000    0.0060
"
"1","     6        1.0082             nan     0.1000    0.0080
"
"1","     7        0.9931             nan     0.1000    0.0037
"
"1","     8        0.9683             nan     0.1000    0.0096
"
"1","     9        0.9514             nan     0.1000    0.0050
"
"1","    10        0.9328             nan     0.1000    0.0045
"
"1","    20        0.8149             nan     0.1000    0.0010
"
"1","    40        0.6696             nan     0.1000   -0.0037
"
"1","    60        0.5774             nan     0.1000   -0.0001
"
"1","    80        0.5008             nan     0.1000   -0.0002
"
"1","   100        0.4449             nan     0.1000   -0.0015
"
"1","   120        0.4016             nan     0.1000   -0.0005
"
"1","   140        0.3689             nan     0.1000   -0.0013
"
"1","   150        0.3504             nan     0.1000   -0.0019
"
"1","
"
"1","Iter   TrainDeviance   ValidDeviance   StepSize   Improve
"
"1","     1        1.1297             nan     0.1000    0.0205
"
"1","     2        1.0858             nan     0.1000    0.0183
"
"1","     3        1.0550             nan     0.1000    0.0098
"
"1","     4        1.0298             nan     0.1000    0.0105
"
"1","     5        0.9978             nan     0.1000    0.0096
"
"1","     6        0.9684             nan     0.1000    0.0128
"
"1","     7        0.9372             nan     0.1000    0.0115
"
"1","     8        0.9158             nan     0.1000    0.0089
"
"1","     9        0.8930             nan     0.1000    0.0075
"
"1","    10        0.8625             nan     0.1000    0.0072
"
"1","    20        0.7331             nan     0.1000   -0.0008
"
"1","    40        0.5767             nan     0.1000   -0.0020
"
"1","    60        0.4630             nan     0.1000    0.0008
"
"1","    80        0.3747             nan     0.1000   -0.0023
"
"1","   100        0.3011             nan     0.1000   -0.0003
"
"1","   120        0.2562             nan     0.1000   -0.0006
"
"1","   140        0.2206             nan     0.1000   -0.0016
"
"1","   150        0.2040             nan     0.1000   -0.0003
"
"1","
"
"1","Iter   TrainDeviance   ValidDeviance   StepSize   Improve
"
"1","     1        1.1667             nan     0.1000    0.0098
"
"1","     2        1.1468             nan     0.1000    0.0070
"
"1","     3        1.1276             nan     0.1000    0.0059
"
"1","     4        1.1158             nan     0.1000    0.0035
"
"1","     5        1.0990             nan     0.1000    0.0059
"
"1","     6        1.0885             nan     0.1000    0.0048
"
"1","     7        1.0781             nan     0.1000    0.0042
"
"1","     8        1.0699             nan     0.1000    0.0011
"
"1","     9        1.0579             nan     0.1000    0.0042
"
"1","    10        1.0474             nan     0.1000    0.0031
"
"1","    20        0.9823             nan     0.1000   -0.0006
"
"1","    40        0.8806             nan     0.1000    0.0000
"
"1","    60        0.8219             nan     0.1000    0.0003
"
"1","    80        0.7719             nan     0.1000   -0.0003
"
"1","   100        0.7313             nan     0.1000    0.0002
"
"1","   120        0.6969             nan     0.1000   -0.0011
"
"1","   140        0.6701             nan     0.1000   -0.0011
"
"1","   150        0.6561             nan     0.1000   -0.0013
"
"1","
"
"1","Iter   TrainDeviance   ValidDeviance   StepSize   Improve
"
"1","     1        1.1536             nan     0.1000    0.0115
"
"1","     2        1.1236             nan     0.1000    0.0140
"
"1","     3        1.0940             nan     0.1000    0.0122
"
"1","     4        1.0730             nan     0.1000    0.0060
"
"1","     5        1.0509             nan     0.1000    0.0026
"
"1","     6        1.0292             nan     0.1000    0.0079
"
"1","     7        1.0087             nan     0.1000    0.0067
"
"1","     8        0.9863             nan     0.1000    0.0080
"
"1","     9        0.9662             nan     0.1000    0.0056
"
"1","    10        0.9500             nan     0.1000    0.0064
"
"1","    20        0.8374             nan     0.1000    0.0023
"
"1","    40        0.7103             nan     0.1000   -0.0004
"
"1","    60        0.6129             nan     0.1000    0.0002
"
"1","    80        0.5485             nan     0.1000   -0.0013
"
"1","   100        0.4936             nan     0.1000   -0.0008
"
"1","   120        0.4423             nan     0.1000    0.0004
"
"1","   140        0.3946             nan     0.1000    0.0006
"
"1","   150        0.3727             nan     0.1000   -0.0027
"
"1","
"
"1","Iter   TrainDeviance   ValidDeviance   StepSize   Improve
"
"1","     1        1.1400             nan     0.1000    0.0138
"
"1","     2        1.1026             nan     0.1000    0.0147
"
"1","     3        1.0756             nan     0.1000    0.0037
"
"1","     4        1.0395             nan     0.1000    0.0102
"
"1","     5        1.0068             nan     0.1000    0.0100
"
"1","     6        0.9884             nan     0.1000    0.0026
"
"1","     7        0.9711             nan     0.1000    0.0020
"
"1","     8        0.9456             nan     0.1000    0.0076
"
"1","     9        0.9306             nan     0.1000    0.0047
"
"1","    10        0.9209             nan     0.1000   -0.0022
"
"1","    20        0.7616             nan     0.1000    0.0038
"
"1","    40        0.6125             nan     0.1000   -0.0016
"
"1","    60        0.4891             nan     0.1000   -0.0016
"
"1","    80        0.4073             nan     0.1000   -0.0007
"
"1","   100        0.3385             nan     0.1000    0.0002
"
"1","   120        0.2910             nan     0.1000   -0.0020
"
"1","   140        0.2453             nan     0.1000   -0.0006
"
"1","   150        0.2257             nan     0.1000   -0.0008
"
"1","
"
"1","Iter   TrainDeviance   ValidDeviance   StepSize   Improve
"
"1","     1        1.1378             nan     0.1000    0.0174
"
"1","     2        1.1066             nan     0.1000    0.0143
"
"1","     3        1.0845             nan     0.1000    0.0041
"
"1","     4        1.0652             nan     0.1000    0.0003
"
"1","     5        1.0455             nan     0.1000    0.0064
"
"1","     6        1.0207             nan     0.1000    0.0113
"
"1","     7        0.9974             nan     0.1000    0.0049
"
"1","     8        0.9863             nan     0.1000    0.0017
"
"1","     9        0.9704             nan     0.1000    0.0033
"
"1","    10        0.9626             nan     0.1000    0.0001
"
"1","    20        0.8712             nan     0.1000    0.0018
"
"1","    40        0.7718             nan     0.1000    0.0009
"
"1","    60        0.7222             nan     0.1000   -0.0026
"
"1","    80        0.6870             nan     0.1000   -0.0002
"
"1","   100        0.6525             nan     0.1000   -0.0016
"
"1","   120        0.6254             nan     0.1000   -0.0004
"
"1","   140        0.5992             nan     0.1000   -0.0021
"
"1","   150        0.5846             nan     0.1000    0.0012
"
"1","
"
"1","Iter   TrainDeviance   ValidDeviance   StepSize   Improve
"
"1","     1        1.1188             nan     0.1000    0.0208
"
"1","     2        1.0797             nan     0.1000    0.0203
"
"1","     3        1.0377             nan     0.1000    0.0197
"
"1","     4        0.9994             nan     0.1000    0.0142
"
"1","     5        0.9718             nan     0.1000    0.0109
"
"1","     6        0.9444             nan     0.1000    0.0104
"
"1","     7        0.9260             nan     0.1000    0.0071
"
"1","     8        0.9071             nan     0.1000    0.0078
"
"1","     9        0.8814             nan     0.1000    0.0081
"
"1","    10        0.8641             nan     0.1000    0.0081
"
"1","    20        0.7603             nan     0.1000    0.0010
"
"1","    40        0.6361             nan     0.1000    0.0001
"
"1","    60        0.5505             nan     0.1000   -0.0004
"
"1","    80        0.4757             nan     0.1000   -0.0017
"
"1","   100        0.4285             nan     0.1000   -0.0011
"
"1","   120        0.3852             nan     0.1000   -0.0017
"
"1","   140        0.3498             nan     0.1000   -0.0006
"
"1","   150        0.3269             nan     0.1000    0.0001
"
"1","
"
"1","Iter   TrainDeviance   ValidDeviance   StepSize   Improve
"
"1","     1        1.1101             nan     0.1000    0.0220
"
"1","     2        1.0578             nan     0.1000    0.0251
"
"1","     3        1.0145             nan     0.1000    0.0163
"
"1","     4        0.9792             nan     0.1000    0.0151
"
"1","     5        0.9422             nan     0.1000    0.0104
"
"1","     6        0.9094             nan     0.1000    0.0122
"
"1","     7        0.8771             nan     0.1000    0.0130
"
"1","     8        0.8619             nan     0.1000    0.0016
"
"1","     9        0.8386             nan     0.1000    0.0083
"
"1","    10        0.8184             nan     0.1000    0.0046
"
"1","    20        0.6760             nan     0.1000    0.0016
"
"1","    40        0.5134             nan     0.1000   -0.0019
"
"1","    60        0.4033             nan     0.1000    0.0003
"
"1","    80        0.3326             nan     0.1000   -0.0018
"
"1","   100        0.2873             nan     0.1000   -0.0031
"
"1","   120        0.2443             nan     0.1000   -0.0026
"
"1","   140        0.2065             nan     0.1000   -0.0010
"
"1","   150        0.1885             nan     0.1000    0.0003
"
"1","
"
"1","Iter   TrainDeviance   ValidDeviance   StepSize   Improve
"
"1","     1        1.1669             nan     0.1000    0.0159
"
"1","     2        1.1406             nan     0.1000    0.0121
"
"1","     3        1.1185             nan     0.1000    0.0098
"
"1","     4        1.0990             nan     0.1000    0.0082
"
"1","     5        1.0832             nan     0.1000    0.0057
"
"1","     6        1.0631             nan     0.1000    0.0037
"
"1","     7        1.0477             nan     0.1000    0.0058
"
"1","     8        1.0348             nan     0.1000    0.0046
"
"1","     9        1.0213             nan     0.1000    0.0050
"
"1","    10        1.0107             nan     0.1000    0.0018
"
"1","    20        0.9228             nan     0.1000    0.0051
"
"1","    40        0.8323             nan     0.1000   -0.0018
"
"1","    60        0.7800             nan     0.1000   -0.0012
"
"1","    80        0.7454             nan     0.1000   -0.0022
"
"1","   100        0.7099             nan     0.1000   -0.0021
"
"1","   120        0.6794             nan     0.1000   -0.0015
"
"1","   140        0.6463             nan     0.1000    0.0003
"
"1","   150        0.6309             nan     0.1000    0.0004
"
"1","
"
"1","Iter   TrainDeviance   ValidDeviance   StepSize   Improve
"
"1","     1        1.1559             nan     0.1000    0.0095
"
"1","     2        1.1292             nan     0.1000    0.0069
"
"1","     3        1.0933             nan     0.1000    0.0132
"
"1","     4        1.0589             nan     0.1000    0.0157
"
"1","     5        1.0262             nan     0.1000    0.0059
"
"1","     6        1.0057             nan     0.1000    0.0063
"
"1","     7        0.9914             nan     0.1000    0.0030
"
"1","     8        0.9743             nan     0.1000    0.0019
"
"1","     9        0.9558             nan     0.1000    0.0006
"
"1","    10        0.9434             nan     0.1000    0.0028
"
"1","    20        0.8245             nan     0.1000   -0.0013
"
"1","    40        0.6724             nan     0.1000   -0.0031
"
"1","    60        0.5950             nan     0.1000   -0.0008
"
"1","    80        0.5346             nan     0.1000   -0.0019
"
"1","   100        0.4752             nan     0.1000   -0.0020
"
"1","   120        0.4220             nan     0.1000   -0.0013
"
"1","   140        0.3795             nan     0.1000   -0.0004
"
"1","   150        0.3646             nan     0.1000   -0.0028
"
"1","
"
"1","Iter   TrainDeviance   ValidDeviance   StepSize   Improve
"
"1","     1        1.1395             nan     0.1000    0.0263
"
"1","     2        1.0998             nan     0.1000    0.0149
"
"1","     3        1.0572             nan     0.1000    0.0193
"
"1","     4        1.0321             nan     0.1000    0.0059
"
"1","     5        0.9889             nan     0.1000    0.0164
"
"1","     6        0.9695             nan     0.1000    0.0001
"
"1","     7        0.9451             nan     0.1000    0.0041
"
"1","     8        0.9255             nan     0.1000    0.0023
"
"1","     9        0.9042             nan     0.1000    0.0029
"
"1","    10        0.8823             nan     0.1000    0.0064
"
"1","    20        0.7352             nan     0.1000    0.0008
"
"1","    40        0.5799             nan     0.1000    0.0001
"
"1","    60        0.4660             nan     0.1000   -0.0016
"
"1","    80        0.3990             nan     0.1000   -0.0009
"
"1","   100        0.3378             nan     0.1000   -0.0007
"
"1","   120        0.2846             nan     0.1000   -0.0018
"
"1","   140        0.2451             nan     0.1000   -0.0008
"
"1","   150        0.2317             nan     0.1000   -0.0008
"
"1","
"
"1","Iter   TrainDeviance   ValidDeviance   StepSize   Improve
"
"1","     1        1.1615             nan     0.1000    0.0091
"
"1","     2        1.1357             nan     0.1000    0.0049
"
"1","     3        1.1146             nan     0.1000    0.0056
"
"1","     4        1.0862             nan     0.1000    0.0082
"
"1","     5        1.0704             nan     0.1000    0.0039
"
"1","     6        1.0523             nan     0.1000    0.0031
"
"1","     7        1.0369             nan     0.1000    0.0038
"
"1","     8        1.0249             nan     0.1000    0.0019
"
"1","     9        0.9977             nan     0.1000    0.0038
"
"1","    10        0.9840             nan     0.1000   -0.0001
"
"1","    20        0.8926             nan     0.1000   -0.0038
"
"1","    40        0.7858             nan     0.1000   -0.0010
"
"1","    60        0.7210             nan     0.1000   -0.0006
"
"1","    80        0.6640             nan     0.1000   -0.0014
"
"1","   100        0.6149             nan     0.1000   -0.0027
"
"1","   120        0.5645             nan     0.1000   -0.0020
"
"1","   140        0.5321             nan     0.1000   -0.0023
"
"1","   150        0.5104             nan     0.1000   -0.0011
"
"1","
"
"1","[1]"
"1"," ""svmRadial"""
"1","
"
"1","[1]"
"1"," ""svmRadialCost"""
"1","
"
"1","[1]"
"1"," ""svmRadialSigma"""
"1","
"
"0","names(pca_fit) <- pca_model"
"0","#################################################################"
"0","#Predict test set from train fits#"
"0","pca_pred <- sapply(pca_fit, function(pca_fit){"
"0","  predict(pca_fit,pca_test)"
"0","})"
"0","#################################################################"
"0","#Create confusion vector#"
"0","pca_c <- c(1:ncol(pca_pred))"
"0","pca_confusionvector <- sapply(pca_c, function(pca_c){"
"0","  confusionMatrix(factor(pca_pred[,pca_c]), pca_test$Dataset)$overall[""Accuracy""]"
"0","})"
"2","Levels are not in the same order for reference and data. Refactoring data to match."
"2","Levels are not in the same order for reference and data. Refactoring data to match."
"2","Levels are not in the same order for reference and data. Refactoring data to match."
"2","Levels are not in the same order for reference and data. Refactoring data to match."
"0","# mean(pca_confusionvector)"
"0","pca_cv = data.frame(Model=pca_model, Accuracy=pca_confusionvector)"
"0","#################################################################"
"0","#Select majority vote#"
"0","pca_c2 <- c(1:nrow(pca_test))"
"0","pca_mv <- sapply(pca_c2, function(pca_c2){"
"0","  m <- majorityVote(pca_pred[pca_c2,])"
"0","  m$majority"
"0","})"
"0","pca_pred <- cbind(pca_pred,pca_mv)"
"0","#################################################################"
"0","#Create confusion matrix using majority vote#"
"0","pca_cm <- confusionMatrix(factor(pca_pred[,ncol(pca_pred)]), pca_test$Dataset)$overall[""Accuracy""]"
"2","Levels are not in the same order for reference and data. Refactoring data to match."
"0","# pca_cm"
